date,code,type,maturity_date,days,offer_volume,cut_price,avg_price,yield_cut,yield_avg,demand,placement,revenue,activity,placement_ratio,source_file,source_year,format
,,,,,,,,,,,,,,,INTERNET_Auction_Results_rus_2015_23122015.xls,2015,
2015-01-21,25082RMFS,ОФЗ-ПД,,476.0,5000.0,89.9,89.9514,15.32,15.27,8179.171999999999,1113.159,1014.11420481,1.6358343999999998,0.22263180000000002,INTERNET_Auction_Results_rus_2015_23122015.xls,2015,
2015-01-28,24018RMFS,ОФЗ-ПК,,1064.0,5000.0,92.2,95.9602,14.77,12.989999999999998,4757.379,2508.393,2407.05832999,0.9514758,0.5016786,INTERNET_Auction_Results_rus_2015_23122015.xls,2015,
2015-02-04,24018RMFS,ОФЗ-ПК,,1057.0,10000.0,93.89999999999999,94.0607,13.969999999999999,13.889999999999999,20605.945,7340.64,6920.00262208,2.0605945,0.734064,INTERNET_Auction_Results_rus_2015_23122015.xls,2015,
2015-02-11,26216RMFS,ОФЗ-ПД,,1554.0,5000.0,78.9,78.9868,13.79,13.76,20360.027,4874.163,3925.10697394,4.072005399999999,0.9748325999999999,INTERNET_Auction_Results_rus_2015_23122015.xls,2015,
2015-02-11,24018RMFS,ОФЗ-ПК,,1050.0,15000.0,94.0,94.0536,13.930000000000001,13.91,30296.127,14999.995,14170.731329100001,2.0197418,0.9999996666666667,INTERNET_Auction_Results_rus_2015_23122015.xls,2015,
2015-02-18,29011RMFS,ОФЗ-ПК,,1806.0,10000.0,93.4,93.5923,13.38,13.320000000000002,32899.39,10000.0,9423.226625,3.289939,1.0,INTERNET_Auction_Results_rus_2015_23122015.xls,2015,
2015-02-18,26215RMFS,ОФЗ-ПД,,3101.0,5000.0,75.288,75.3386,12.0,11.99,16152.591000000002,5000.0,3934.7318,3.2305182000000006,1.0,INTERNET_Auction_Results_rus_2015_23122015.xls,2015,
2015-02-25,29011RMFS,ОФЗ-ПК,,1799.0,10000.0,92.95,93.0462,13.530000000000001,13.5,25603.197,9999.996,9389.91495402,2.5603197,0.9999995999999999,INTERNET_Auction_Results_rus_2015_23122015.xls,2015,
2015-03-04,29011RMFS,ОФЗ-ПК,,1792.0,15000.0,92.9,93.07220000000001,13.55,13.489999999999998,15336.146,12990.815,12229.31345133,1.0224097333333333,0.8660543333333334,INTERNET_Auction_Results_rus_2015_23122015.xls,2015,
2015-03-11,29006RMFS,ОФЗ-ПК,,3612.0,5000.0,85.0,86.6029,16.31,15.920000000000002,1731.3,850.0,744.3785,0.34626,0.17,INTERNET_Auction_Results_rus_2015_23122015.xls,2015,
2015-03-11,24018RMFS,ОФЗ-ПК,,1022.0,10000.0,94.86,94.9958,13.569999999999999,13.51,19554.411,9999.999,9624.88348493,1.9554411,0.9999998999999999,INTERNET_Auction_Results_rus_2015_23122015.xls,2015,
2015-03-18,29006RMFS,ОФЗ-ПК,,3605.0,5000.0,85.0,85.0992,16.31,16.28,4197.405,2354.505,2032.2488896599998,0.8394809999999999,0.470901,INTERNET_Auction_Results_rus_2015_23122015.xls,2015,
2015-03-18,26214RMFS,ОФЗ-ПД,,1897.0,10000.0,74.5,74.57549999999999,13.8,13.77,20048.095,5291.863,4043.8546143999997,2.0048095,0.5291863,INTERNET_Auction_Results_rus_2015_23122015.xls,2015,
2015-03-25,24018RMFS,ОФЗ-ПК,,1008.0,6172.88,95.30999999999999,95.3369,13.38,13.370000000000001,28969.764,6172.876,5988.179585190001,4.693070981454362,0.9999993520042508,INTERNET_Auction_Results_rus_2015_23122015.xls,2015,
2015-03-25,26215RMFS,ОФЗ-ПД,,3066.0,10000.0,73.89,73.9136,12.379999999999999,12.370000000000001,55052.077,9999.999,7445.05425573,5.5052077,0.9999998999999999,INTERNET_Auction_Results_rus_2015_23122015.xls,2015,
2015-04-01,29011RMFS,ОФЗ-ПК,,1764.0,15000.0,92.9,93.0951,13.569999999999999,13.51,7160.479,4679.346,4446.03937378,0.4773652666666667,0.31195639999999997,INTERNET_Auction_Results_rus_2015_23122015.xls,2015,
2015-04-01,26212RMFS,ОФЗ-ПД,,4676.0,5000.0,70.75099999999999,70.82079999999999,11.78,11.77,27905.279,5000.0,3595.139,5.5810558,1.0,INTERNET_Auction_Results_rus_2015_23122015.xls,2015,
2015-04-08,26215RMFS,ОФЗ-ПД,,3052.0,10000.0,77.14999999999999,77.3907,11.61,11.55,20301.629,9999.999,7819.56982596,2.0301629,0.9999998999999999,INTERNET_Auction_Results_rus_2015_23122015.xls,2015,
2015-04-08,24018RMFS,ОФЗ-ПК,,994.0,15000.0,95.3,95.5681,13.41,13.28,27119.32,14999.998,14648.560752219999,1.8079546666666666,0.9999998666666666,INTERNET_Auction_Results_rus_2015_23122015.xls,2015,
2015-04-15,26215RMFS,ОФЗ-ПД,,3045.0,15000.0,81.0,81.10730000000001,10.74,10.72,46198.86,14999.998,12307.09605648,3.079924,0.9999998666666666,INTERNET_Auction_Results_rus_2015_23122015.xls,2015,
2015-04-15,29011RMFS,ОФЗ-ПК,,1750.0,15000.0,93.46,93.5765,13.4,13.370000000000001,30304.98,14999.996,14388.37381311,2.020332,0.9999997333333333,INTERNET_Auction_Results_rus_2015_23122015.xls,2015,
2015-04-22,26216RMFS,ОФЗ-ПД,,1484.0,10000.0,84.8866,85.0552,11.78,11.72,18054.687,9999.996,8788.21592373,1.8054687000000003,0.9999995999999999,INTERNET_Auction_Results_rus_2015_23122015.xls,2015,
2015-04-22,24018RMFS,ОФЗ-ПК,,980.0,15000.0,96.875,96.9799,12.659999999999998,12.61,35536.597,14999.99,14922.87948141,2.3691064666666666,0.9999993333333334,INTERNET_Auction_Results_rus_2015_23122015.xls,2015,
2015-04-29,24018RMFS,ОФЗ-ПК,,973.0,20000.0,97.75,97.8026,12.25,12.22,72305.675,19999.99,20103.51497619,3.61528375,0.9999995,INTERNET_Auction_Results_rus_2015_23122015.xls,2015,
2015-05-06,26216RMFS,ОФЗ-ПД,,1470.0,15000.0,87.76,88.0179,10.780000000000001,10.69,27725.862,14999.996,13665.28044702,1.8483908,0.9999997333333333,INTERNET_Auction_Results_rus_2015_23122015.xls,2015,
2015-05-06,29006RMFS,ОФЗ-ПК,,3556.0,10000.0,95.06,96.6153,14.04,13.719999999999999,28971.161,9999.997,9952.92324724,2.8971161,0.9999996999999999,INTERNET_Auction_Results_rus_2015_23122015.xls,2015,
2015-05-13,29011RMFS,ОФЗ-ПК,,1722.0,15000.0,98.46000000000001,98.62729999999999,11.87,11.82,33142.24800000001,14999.996,15273.94754236,2.2094832000000006,0.9999997333333333,INTERNET_Auction_Results_rus_2015_23122015.xls,2015,
2015-05-13,26214RMFS,ОФЗ-ПД,,1841.0,10000.0,83.67,83.76440000000001,10.95,10.92,13557.6,4559.963,3948.35376645,1.35576,0.45599629999999997,INTERNET_Auction_Results_rus_2015_23122015.xls,2015,
2015-05-20,26212RMFS,ОФЗ-ПД,,4627.0,10000.0,77.14999999999999,77.26469999999999,10.58,10.56,33276.03,9999.998,7929.26703416,3.327603,0.9999998,INTERNET_Auction_Results_rus_2015_23122015.xls,2015,
2015-05-20,24018RMFS,ОФЗ-ПК,,952.0,10000.0,99.75,99.753,11.3,11.3,42500.408,9999.999,10309.49896908,4.250040800000001,0.9999998999999999,INTERNET_Auction_Results_rus_2015_23122015.xls,2015,
2015-05-27,26216RMFS,ОФЗ-ПД,,1449.0,10000.0,88.0,88.102,10.75,10.71,22888.011,9999.999,8823.099118709999,2.2888010999999997,0.9999998999999999,INTERNET_Auction_Results_rus_2015_23122015.xls,2015,
2015-05-27,29006RMFS,ОФЗ-ПК,,3535.0,10000.0,98.26,98.6255,13.389999999999999,13.320000000000002,28664.258,9999.995,10226.740039639999,2.8664258,0.9999995,INTERNET_Auction_Results_rus_2015_23122015.xls,2015,
2015-06-03,29011RMFS,ОФЗ-ПК,,1701.0,10000.0,98.7501,98.8233,11.790000000000001,11.77,31710.564,9999.992,10266.22523701,3.1710564,0.9999992,INTERNET_Auction_Results_rus_2015_23122015.xls,2015,
2015-06-03,29006RMFS,ОФЗ-ПК,,3528.0,5000.0,98.8,98.83659999999999,13.29,13.28,22884.536,3229.682,3317.58139529,4.5769072,0.6459364,INTERNET_Auction_Results_rus_2015_23122015.xls,2015,
2015-06-10,26215RMFS,ОФЗ-ПД,,2989.0,5000.0,81.46,81.46,10.69,10.69,28396.519,4999.981,4173.634140130001,5.6793038000000005,0.9999962,INTERNET_Auction_Results_rus_2015_23122015.xls,2015,
2015-06-10,26216RMFS,ОФЗ-ПД,,1435.0,10000.0,88.0,88.08749999999999,10.780000000000001,10.75,24966.154,9898.625,8757.65998945,2.4966154,0.9898625,INTERNET_Auction_Results_rus_2015_23122015.xls,2015,
2015-06-17,26212RMFS,ОФЗ-ПД,,4599.0,5000.0,75.76,75.9868,10.85,10.81,16699.767999999996,5000.0,3927.79235,3.3399535999999994,1.0,INTERNET_Auction_Results_rus_2015_23122015.xls,2015,
2015-06-17,29006RMFS,ОФЗ-ПК,,3514.0,10000.0,98.5,98.6966,13.350000000000001,13.309999999999999,16589.229,4716.585,4861.27089146,1.6589228999999999,0.4716585,INTERNET_Auction_Results_rus_2015_23122015.xls,2015,
2015-06-24,26215RMFS,ОФЗ-ПД,,2975.0,7493.8,80.31,80.4563,10.96,10.92,23646.083,7493.796,6200.2397158799995,3.1554195468253754,0.999999466225413,INTERNET_Auction_Results_rus_2015_23122015.xls,2015,
2015-06-24,26214RMFS,ОФЗ-ПД,,1799.0,10000.0,83.4751,83.7603,11.1,11.01,14901.066,6199.839,5215.82028444,1.4901066,0.6199839,INTERNET_Auction_Results_rus_2015_23122015.xls,2015,
2015-07-01,24018RMFS,ОФЗ-ПК,,910.0,15000.0,101.89999999999999,102.0561,14.85,14.77,39678.11,14999.996,15308.40844318,2.6452073333333335,0.9999997333333333,INTERNET_Auction_Results_rus_2015_23122015.xls,2015,
2015-07-08,29011RMFS,ОФЗ-ПК,,1666.0,10000.0,100.56110000000001,100.6289,11.26,11.24,25365.413,9999.996,10553.38507865,2.5365413,0.9999995999999999,INTERNET_Auction_Results_rus_2015_23122015.xls,2015,
2015-07-08,26216RMFS,ОФЗ-ПД,,1407.0,5000.0,86.79,86.8807,11.29,11.29,15960.713,2863.612,2513.69809253,3.1921426,0.5727224,INTERNET_Auction_Results_rus_2015_23122015.xls,2015,
2015-07-22,26212RMFS,ОФЗ-ПД,,4564.0,10000.0,77.2111,77.3379,10.6,10.58,11480.187,7473.635,6022.47484728,1.1480187,0.7473635000000001,INTERNET_Auction_Results_rus_2015_23122015.xls,2015,
2015-07-22,26214RMFS,ОФЗ-ПД,,1771.0,5000.0,84.65,84.7016,10.79,10.780000000000001,6485.0,2350.0,2010.6729300000002,1.297,0.47,INTERNET_Auction_Results_rus_2015_23122015.xls,2015,
2015-07-29,24018RMFS,ОФЗ-ПК,,882.0,10000.0,101.69999999999999,101.83789999999999,14.91,14.84,24256.0,9999.995,10301.0,2.4256,0.9999995,INTERNET_Auction_Results_rus_2015_23122015.xls,2015,
2015-08-05,29011RMFS,ОФЗ-ПК,,1638.0,10000.0,101.6,101.6325,14.41,14.399999999999999,10656.628,2528.014,2569.284078,1.0656628000000001,0.2528014,INTERNET_Auction_Results_rus_2015_23122015.xls,2015,
2015-08-05,29006RMFS,ОФЗ-ПК,,3465.0,5000.0,102.01,102.01,12.67,12.67,4917.797,313.876,339.23718,0.9835593999999999,0.06277519999999999,INTERNET_Auction_Results_rus_2015_23122015.xls,2015,
2015-08-12,24018RMFS,ОФЗ-ПК,,868.0,10000.0,102.0,102.0515,14.729999999999999,14.71,12448.601,6161.944,6396.62199226,1.2448601000000001,0.6161944,INTERNET_Auction_Results_rus_2015_23122015.xls,2015,
2015-08-19,29011RMFS,ОФЗ-ПК,,1624.0,5000.0,101.49999999999999,101.5067,14.44,14.44,7199.0,985.0,1005.288325,1.4398,0.197,INTERNET_Auction_Results_rus_2015_23122015.xls,2015,
2015-08-19,26216RMFS,ОФЗ-ПД,,1365.0,5000.0,87.3155,87.36699999999999,11.21,11.19,15284.471,4999.997,4451.897828859999,3.0568942,0.9999994000000001,INTERNET_Auction_Results_rus_2015_23122015.xls,2015,
2015-09-02,24018RMFS,ОФЗ-ПК,,847.0,8316.185000000001,101.75,101.78259999999999,14.84,14.82,6353.053,1929.501,2014.7580053400002,0.7639383924239298,0.23201756574679372,INTERNET_Auction_Results_rus_2015_23122015.xls,2015,
2015-09-09,26214RMFS,ОФЗ-ПД,,1722.0,5000.0,81.86099999999999,81.9115,11.81,11.790000000000001,16469.999999999996,5000.0,4181.4732,3.293999999999999,1.0,INTERNET_Auction_Results_rus_2015_23122015.xls,2015,
2015-09-09,29011RMFS,ОФЗ-ПК,,1603.0,5000.0,100.69999999999999,100.76400000000001,14.69,14.67,7730.353,3559.599,3636.02424453,1.5460706,0.7119198,INTERNET_Auction_Results_rus_2015_23122015.xls,2015,
2015-09-16,26215RMFS,ОФЗ-ПД,,2891.0,7807.7519999999995,78.9,78.96039999999999,11.37,11.360000000000001,21579.795,7807.75,6196.4949385,2.763893499691076,0.999999743844323,INTERNET_Auction_Results_rus_2015_23122015.xls,2015,
2015-09-16,24018RMFS,ОФЗ-ПК,,833.0,6386.684,101.55000000000001,101.6358,14.940000000000001,14.89,3405.228,2755.106,2888.9162314900004,0.5331762147618389,0.4313828584598831,INTERNET_Auction_Results_rus_2015_23122015.xls,2015,
2015-09-23,26212RMFS,ОФЗ-ПД,,4501.0,10000.0,74.76,74.9232,11.09,11.06,16571.212,9999.999,7586.914905309999,1.6571212,0.9999998999999999,INTERNET_Auction_Results_rus_2015_23122015.xls,2015,
2015-09-23,29011RMFS,ОФЗ-ПК,,1589.0,5000.0,100.901,100.97259999999999,14.62,14.6,12708.864,5000.0,5145.43049,2.5417728,1.0,INTERNET_Auction_Results_rus_2015_23122015.xls,2015,
2015-09-30,26214RMFS,ОФЗ-ПД,,1701.0,10000.0,83.16,83.2094,11.43,11.42,36336.751,9999.999,8529.542147040002,3.6336750999999996,0.9999998999999999,INTERNET_Auction_Results_rus_2015_23122015.xls,2015,
2015-09-30,29006RMFS,ОФЗ-ПК,,3409.0,5000.0,100.89999999999999,101.11479999999999,14.799999999999999,14.760000000000002,10949.992,4999.998,5152.93894312,2.1899984,0.9999995999999999,INTERNET_Auction_Results_rus_2015_23122015.xls,2015,
2015-10-07,26212RMFS,ОФЗ-ПД,,4487.0,7765.579,78.9222,79.0826,10.33,10.299999999999999,33255.574,7765.575,6235.72486269,4.282433286687316,0.9999994849064056,INTERNET_Auction_Results_rus_2015_23122015.xls,2015,
2015-10-07,29011RMFS,ОФЗ-ПК,,1575.0,10000.0,101.57499999999999,101.58210000000001,14.39,14.39,37384.809,9999.995,10407.10509642,3.7384809000000003,0.9999995,INTERNET_Auction_Results_rus_2015_23122015.xls,2015,
2015-10-14,52001RMFS,ОФЗ-ИН,,2863.0,20221.800000000003,95.6,95.6533,3.2800000000000002,3.27,92616.38291097,20221.791911279997,19410.60631752,4.58002665,0.9999995999999998,INTERNET_Auction_Results_rus_2015_23122015.xls,2015,
2015-10-21,26214RMFS,ОФЗ-ПД,,1680.0,12500.0,87.07000000000001,87.1677,10.22,10.18,45494.788,11999.993,10761.69491557,3.63958304,0.95999944,INTERNET_Auction_Results_rus_2015_23122015.xls,2015,
2015-10-21,24018RMFS,ОФЗ-ПК,,798.0,12500.0,101.69999999999999,101.7141,14.82,14.799999999999999,9391.204,4817.166,5125.599356628,0.75129632,0.38537328000000004,INTERNET_Auction_Results_rus_2015_23122015.xls,2015,
2015-10-28,26207RMFS,ОФЗ-ПД,,4116.0,15000.0,88.86,88.97890000000001,10.040000000000001,10.02,51126.746,14999.998,13581.28588922,3.4084497333333332,0.9999998666666666,INTERNET_Auction_Results_rus_2015_23122015.xls,2015,
2015-10-28,29006RMFS,ОФЗ-ПК,,3381.0,5000.0,101.481,101.5252,14.680000000000001,14.67,9607.31,5000.0,5229.01095,1.921462,1.0,INTERNET_Auction_Results_rus_2015_23122015.xls,2015,
2015-11-11,52001RMFS,ОФЗ-ИН,,2835.0,30507.3,99.15,99.4144,2.76,2.7199999999999998,73213.20321704999,30507.294915450002,30489.454984129996,2.3998584999999997,0.9999998333333334,INTERNET_Auction_Results_rus_2015_23122015.xls,2015,
2015-11-18,26207RMFS,ОФЗ-ПД,,4095.0,10000.0,92.4114,92.5012,9.46,9.45,29313.194,9999.998,9453.32135133,2.9313194,0.9999998,INTERNET_Auction_Results_rus_2015_23122015.xls,2015,
2015-11-18,29011RMFS,ОФЗ-ПК,,1533.0,5000.0,101.82,101.8413,14.29,14.29,17184.11,4999.999,5299.4619403199995,3.4368220000000003,0.9999998,INTERNET_Auction_Results_rus_2015_23122015.xls,2015,
2015-11-25,26214RMFS,ОФЗ-ПД,,1645.0,5000.0,87.11,87.299,10.27,10.209999999999999,7925.0,3525.0,3185.4354,1.585,0.705,INTERNET_Auction_Results_rus_2015_23122015.xls,2015,
2015-11-25,24018RMFS,ОФЗ-ПК,,763.0,10000.0,101.30999999999999,101.34559999999999,15.02,15.0,3985.0,1285.0,1381.3185,0.3985,0.1285,INTERNET_Auction_Results_rus_2015_23122015.xls,2015,
2015-12-02,26207RMFS,ОФЗ-ПД,,4081.0,7200.0,92.33019999999999,92.4025,9.48,9.47,15335.0,7200.0,6821.817455,2.129861111111111,1.0,INTERNET_Auction_Results_rus_2015_23122015.xls,2015,
2015-12-02,29011RMFS,ОФЗ-ПК,,1519.0,7000.0,101.83,101.85,14.29,14.280000000000001,26045.584,7000.0,7458.57,3.7207977142857143,1.0,INTERNET_Auction_Results_rus_2015_23122015.xls,2015,
2015-12-09,52001RMFS,ОФЗ-ИН,,2807.0,20415.600000000002,99.2,99.3359,2.7,2.68,19465.80299964,13583.727699120001,13591.189210879998,0.9534768999999998,0.6653602,INTERNET_Auction_Results_rus_2015_23122015.xls,2015,
2015-12-16,29006RMFS,ОФЗ-ПК,,3332.0,10000.0,101.64999999999999,101.82770000000001,14.64,14.610000000000001,9185.0,8185.000000000001,8743.6842,0.9185,0.8185000000000001,INTERNET_Auction_Results_rus_2015_23122015.xls,2015,
2015-12-16,26214RMFS,ОФЗ-ПД,,1624.0,5000.0,87.12,87.3316,10.31,10.24,18740.0,4999.999,4378.83012635,3.748,0.9999998,INTERNET_Auction_Results_rus_2015_23122015.xls,2015,
2015-12-23,29011RMFS,ОФЗ-ПК,,1498.0,6500.0,102.10999999999999,102.1624,14.19,14.17,26565.618,6499.999,7000.07067359,4.087018153846153,0.9999998461538461,INTERNET_Auction_Results_rus_2015_23122015.xls,2015,
,,,,,750787.5800000003,,,,,1830821.5231276597,635592.71252585,596520.166122118,2.4385346426850307,0.8465679633723426,INTERNET_Auction_Results_rus_2015_23122015.xls,2015,
,,,,,,,,,,,,,,,INTERNET_Auction_Results_rus_2015_23122015.xls,2015,
,,,,,,,,,,,,,,,INTERNET_Auction_Results_rus_2016_20161230_1.xlsx,2016,
2016-01-13,24018RMFS,ОФЗ-ПК,,714.0,10000.0,101.55000000000001,101.6562,11.379999999999999,11.31,16517.109999999997,9522.916,9724.43696883,1.6517109999999997,0.9522915999999999,INTERNET_Auction_Results_rus_2016_20161230_1.xlsx,2016,
2016-01-13,26214RMFS,ОФЗ-ПД,,1596.0,7800.0,86.35549999999999,86.54039999999999,10.620000000000001,10.56,17460.237,7800.0,6807.560875,2.238491923076923,1.0,INTERNET_Auction_Results_rus_2016_20161230_1.xlsx,2016,
2016-01-20,26207RMFS,ОФЗ-ПД,,4032.0,8000.0,84.811,85.0496,10.780000000000001,10.74,14818.433,8000.0,7079.08842931,1.852304125,1.0,INTERNET_Auction_Results_rus_2016_20161230_1.xlsx,2016,
2016-01-20,29006RMFS,ОФЗ-ПК,,3297.0,12000.0,102.58,102.635,14.45,14.44,24993.603,12000.0,13082.64,2.08280025,1.0,INTERNET_Auction_Results_rus_2016_20161230_1.xlsx,2016,
2016-01-27,29006RMFS,ОФЗ-ПК,,3290.0,16000.0,102.8,102.86489999999999,14.41,14.39,26928.29,11189.956,12256.34342117,1.683018125,0.69937225,INTERNET_Auction_Results_rus_2016_20161230_1.xlsx,2016,
2016-01-27,29011RMFS,ОФЗ-ПК,,1463.0,14008.257,102.655,102.69299999999998,14.000000000000002,13.98,40995.475,14008.256,15353.88690908,2.9265221933035637,0.9999999286135313,INTERNET_Auction_Results_rus_2016_20161230_1.xlsx,2016,
2016-02-03,52001RMFS,ОФЗ-ИН,,2751.0,12082.41339588,99.75,99.87549999999999,2.6599999999999997,2.64,17951.532531,8189.08786632,8269.15775325,1.4857571863185315,0.6777692169606123,INTERNET_Auction_Results_rus_2016_20161230_1.xlsx,2016,
2016-02-03,26217RMFS,ОФЗ-ПД,,2023.0,15000.0,88.48,88.6589,10.54,10.489999999999998,59937.112,15000.0,13600.92925,3.9958074666666668,1.0,INTERNET_Auction_Results_rus_2016_20161230_1.xlsx,2016,
2016-02-10,26207RMFS,ОФЗ-ПД,,4011.0,10000.0,87.31,87.5434,10.34,10.299999999999999,46158.966,9999.999,9145.14203782,4.6158966,0.9999998999999999,INTERNET_Auction_Results_rus_2016_20161230_1.xlsx,2016,
2016-02-10,29006RMFS,ОФЗ-ПК,,3276.0,15000.0,103.8505,103.9333,11.959999999999999,11.940000000000001,42150.566,14999.998,15589.99092133,2.810037733333333,0.9999998666666666,INTERNET_Auction_Results_rus_2016_20161230_1.xlsx,2016,
2016-02-17,26218RMFS,ОФЗ-ПД,,5691.0,20000.0,88.2269,88.4639,10.25,10.22,65252.12600000001,19999.998,18214.383896569998,3.2626063000000007,0.9999998999999999,INTERNET_Auction_Results_rus_2016_20161230_1.xlsx,2016,
2016-02-17,29011RMFS,ОФЗ-ПК,,1442.0,10000.0,103.84500000000001,103.86500000000001,11.15,10.14,27234.976,10000.0,10432.8,2.7234976,1.0,INTERNET_Auction_Results_rus_2016_20161230_1.xlsx,2016,
2016-03-02,29006RMFS,ОФЗ-ПК,,3255.0,20000.0,106.8115,106.8537,11.4,11.4,51033.719,19999.998,21512.54184873,2.55168595,0.9999998999999999,INTERNET_Auction_Results_rus_2016_20161230_1.xlsx,2016,
2016-03-02,26217RMFS,ОФЗ-ПД,,1995.0,15000.0,92.2222,92.27539999999999,9.569999999999999,9.55,40937.486,14999.999,13862.91455633,2.7291657333333332,0.9999999333333334,INTERNET_Auction_Results_rus_2016_20161230_1.xlsx,2016,
2016-03-16,26218RMFS,ОФЗ-ПД,,5663.0,20000.0,93.11,93.4431,9.569999999999999,9.520000000000001,33730.293000000005,19999.998,19340.626250940004,1.6865146500000003,0.9999998999999999,INTERNET_Auction_Results_rus_2016_20161230_1.xlsx,2016,
2016-03-16,29011RMFS,ОФЗ-ПК,,1414.0,10000.0,103.73049999999999,103.75559999999999,11.16,11.15,29796.41,10000.0,10514.5636,2.979641,1.0,INTERNET_Auction_Results_rus_2016_20161230_1.xlsx,2016,
2016-03-23,26207RMFS,ОФЗ-ПД,,3969.0,12000.005,94.8011,94.9225,9.1,9.08,21742.833,12000.003,11484.54527115,1.8119019950408355,0.9999998333334029,INTERNET_Auction_Results_rus_2016_20161230_1.xlsx,2016,
2016-03-23,29011RMFS,ОФЗ-ПК,,1407.0,18596.359,103.8,103.9454,11.129999999999999,11.08,15393.0,9263.0,9778.71166,0.8277426780156266,0.4981082587188169,INTERNET_Auction_Results_rus_2016_20161230_1.xlsx,2016,
2016-03-30,52001RMFS,ОФЗ-ИН,,2695.0,3948.2598057,101.25,101.3048,2.48,2.4699999999999998,10106.2955028,2014.5217323,2045.6329234399998,2.559683506189183,0.5102302866168248,INTERNET_Auction_Results_rus_2016_20161230_1.xlsx,2016,
2016-03-30,26217RMFS,ОФЗ-ПД,,1967.0,13620.961,93.07,93.1598,9.370000000000001,9.34,46956.771,11456.507,10755.22839352,3.447390459454366,0.8410938846385362,INTERNET_Auction_Results_rus_2016_20161230_1.xlsx,2016,
2016-03-30,24018RMFS,ОФЗ-ПК,,637.0,9333.539999999999,101.89999999999999,101.94099999999999,11.020000000000001,10.99,25059.509,9333.538,9793.495536879998,2.6848879417670037,0.9999997857190307,INTERNET_Auction_Results_rus_2016_20161230_1.xlsx,2016,
2016-04-06,26218RMFS,ОФЗ-ПД,,5642.0,20000.0,94.40849999999999,94.5907,9.39,9.370000000000001,26197.543,17402.216,16460.88365309,1.3098771500000002,0.8701108,INTERNET_Auction_Results_rus_2016_20161230_1.xlsx,2016,
2016-04-06,29006RMFS,ОФЗ-ПК,,3220.0,10000.0,106.3315,106.39909999999999,11.48,11.469999999999999,19623.5,10000.0,10828.9118725,1.96235,1.0,INTERNET_Auction_Results_rus_2016_20161230_1.xlsx,2016,
2016-04-13,26217RMFS,ОФЗ-ПД,,1953.0,20000.0,92.7115,92.7388,9.47,9.46,52598.626,20000.0,18749.167,2.6299313,1.0,INTERNET_Auction_Results_rus_2016_20161230_1.xlsx,2016,
2016-04-13,29011RMFS,ОФЗ-ПК,,1386.0,10000.0,103.8,103.87630000000001,11.110000000000001,11.09,19867.595,7041.563,7477.665171279999,1.9867595,0.7041563,INTERNET_Auction_Results_rus_2016_20161230_1.xlsx,2016,
2016-04-20,26207RMFS,ОФЗ-ПД,,3941.0,15000.0,94.14519999999999,94.2345,9.21,9.2,45316.65,15000.0,14346.22745,3.02111,1.0,INTERNET_Auction_Results_rus_2016_20161230_1.xlsx,2016,
2016-04-20,26217RMFS,ОФЗ-ПД,,1946.0,10000.0,93.25,93.2885,9.33,9.32,44516.788,10000.0,9443.9547,4.4516788,1.0,INTERNET_Auction_Results_rus_2016_20161230_1.xlsx,2016,
2016-04-27,26207RMFS,ОФЗ-ПД,,3934.0,10000.0,94.15,94.15249999999999,9.21,9.21,46736.68,9999.999,9571.54911787,4.673668,0.9999998999999999,INTERNET_Auction_Results_rus_2016_20161230_1.xlsx,2016,
2016-04-27,29006RMFS,ОФЗ-ПК,,3199.0,15000.0,106.0,106.1186,11.53,11.51,13050.0,9730.0,10578.2205,0.87,0.6486666666666666,INTERNET_Auction_Results_rus_2016_20161230_1.xlsx,2016,
2016-05-11,26218RMFS,ОФЗ-ПД,,5607.0,10000.0,97.67,97.6908,8.97,8.97,28948.095,10000.0,9850.5755,2.8948095,1.0,INTERNET_Auction_Results_rus_2016_20161230_1.xlsx,2016,
2016-05-11,26217RMFS,ОФЗ-ПД,,1925.0,20000.0,94.2715,94.3583,9.08,9.049999999999999,43873.131,19999.998,19188.0530312,2.19365655,0.9999998999999999,INTERNET_Auction_Results_rus_2016_20161230_1.xlsx,2016,
2016-05-18,26207RMFS,ОФЗ-ПД,,3913.0,12765.576,96.25,96.44160000000001,8.88,8.85,21911.473,12765.574,12570.71793647,1.7164500058595087,0.9999998433286521,INTERNET_Auction_Results_rus_2016_20161230_1.xlsx,2016,
2016-05-18,24018RMFS,ОФЗ-ПК,,588.0,12000.0,102.25,102.32090000000001,10.68,10.63,17834.45,9373.882,10022.1729608,1.4862041666666668,0.7811568333333333,INTERNET_Auction_Results_rus_2016_20161230_1.xlsx,2016,
2016-05-25,26218RMFS,ОФЗ-ПД,,5593.0,10000.0,98.7111,98.7111,8.84,8.84,31772.239,10000.0,9985.21,3.1772239,1.0,INTERNET_Auction_Results_rus_2016_20161230_1.xlsx,2016,
2016-05-25,26217RMFS,ОФЗ-ПД,,1911.0,10000.0,93.8575,93.961,9.19,9.17,10646.664,7080.97,6785.7658807,1.0646664000000001,0.708097,INTERNET_Auction_Results_rus_2016_20161230_1.xlsx,2016,
2016-06-01,26218RMFS,ОФЗ-ПД,,5586.0,15000.0,97.5,97.6846,8.99,8.97,10215.0,7465.0,7389.5026,0.681,0.49766666666666665,INTERNET_Auction_Results_rus_2016_20161230_1.xlsx,2016,
2016-06-01,29006RMFS,ОФЗ-ПК,,3164.0,10000.0,105.55000000000001,105.6228,11.61,11.600000000000001,7900.0,4099.999999999999,4485.514,0.79,0.4099999999999999,INTERNET_Auction_Results_rus_2016_20161230_1.xlsx,2016,
2016-06-08,26218RMFS,ОФЗ-ПД,,5579.0,17367.207000000002,99.4555,99.6243,8.75,8.72,30085.978,17367.206,17556.72596408,1.7323440666078314,0.9999999424202174,INTERNET_Auction_Results_rus_2016_20161230_1.xlsx,2016,
2016-06-08,26217RMFS,ОФЗ-ПД,,1897.0,10000.0,94.39999999999999,94.5002,9.06,9.030000000000001,39628.488,10000.0,9665.8157,3.9628487999999997,1.0,INTERNET_Auction_Results_rus_2016_20161230_1.xlsx,2016,
2016-06-15,26217RMFS,ОФЗ-ПД,,1890.0,15000.0,93.97,94.081,9.180000000000001,9.15,23403.861,15000.0,14457.4488,1.5602574,1.0,INTERNET_Auction_Results_rus_2016_20161230_1.xlsx,2016,
2016-06-15,29011RMFS,ОФЗ-ПК,,1323.0,10000.0,103.16019999999999,103.2344,11.29,11.26,13349.059,6148.731,6618.21321513,1.3349058999999999,0.6148731,INTERNET_Auction_Results_rus_2016_20161230_1.xlsx,2016,
2016-06-22,26217RMFS,ОФЗ-ПД,,1883.0,15000.0,95.35040000000001,95.3736,8.82,8.81,33516.57199999999,15000.0,14672.786,2.2344381333333327,1.0,INTERNET_Auction_Results_rus_2016_20161230_1.xlsx,2016,
2016-06-22,24018RMFS,ОФЗ-ПК,,553.0,5000.0,101.905,101.9898,10.86,10.8,9537.0,5000.0,5386.69211,1.9074,1.0,INTERNET_Auction_Results_rus_2016_20161230_1.xlsx,2016,
2016-06-29,26217RMFS,ОФЗ-ПД,,1876.0,8152.995000000001,95.47,95.585,8.790000000000001,8.76,16135.708000000002,8152.995000000001,8004.122537050001,1.9791141782866297,1.0,INTERNET_Auction_Results_rus_2016_20161230_1.xlsx,2016,
2016-06-29,26216RMFS,ОФЗ-ПД,,1050.0,12435.822,94.20500000000001,94.26729999999999,9.229999999999999,9.2,18313.494,12435.821,11818.792759450002,1.4726404092950187,0.9999999195871411,INTERNET_Auction_Results_rus_2016_20161230_1.xlsx,2016,
2016-07-06,26219RMFS,ОФЗ-ПД,,3724.0,20000.0,95.5,95.68769999999999,8.6,8.57,46477.118,19999.998,19167.33611602,2.3238559000000003,0.9999998999999999,INTERNET_Auction_Results_rus_2016_20161230_1.xlsx,2016,
2016-07-06,29006RMFS,ОФЗ-ПК,,3129.0,10000.0,105.5,105.6039,11.62,11.600000000000001,6500.047,4510.045,4986.56971246,0.6500047,0.45100450000000003,INTERNET_Auction_Results_rus_2016_20161230_1.xlsx,2016,
2016-07-13,26218RMFS,ОФЗ-ПД,,5544.0,15000.0,101.01,101.13510000000001,8.55,8.540000000000001,25306.281,15000.0,15512.5663,1.6870854,1.0,INTERNET_Auction_Results_rus_2016_20161230_1.xlsx,2016,
2016-07-13,29011RMFS,ОФЗ-ПК,,1295.0,10000.0,103.16000000000001,103.2656,11.28,11.24,17764.229,8028.229,8718.142111520001,1.7764229,0.8028229,INTERNET_Auction_Results_rus_2016_20161230_1.xlsx,2016,
2016-07-20,26217RMFS,ОФЗ-ПД,,1855.0,15000.0,95.47099999999999,95.49220000000001,8.799999999999999,8.799999999999999,49842.171,15000.0,14776.9857,3.3228114,1.0,INTERNET_Auction_Results_rus_2016_20161230_1.xlsx,2016,
2016-07-20,29006RMFS,ОФЗ-ПК,,3115.0,10000.0,105.1944,105.32220000000001,11.67,11.65,11780.0,10000.0,11075.62448,1.178,1.0,INTERNET_Auction_Results_rus_2016_20161230_1.xlsx,2016,
2016-07-27,26219RMFS,ОФЗ-ПД,,3703.0,15000.0,94.55,94.5633,8.75,8.75,58063.512,15000.0,14273.59,3.8709008000000003,1.0,INTERNET_Auction_Results_rus_2016_20161230_1.xlsx,2016,
2016-07-27,29011RMFS,ОФЗ-ПК,,1281.0,10000.0,102.76,102.91170000000001,11.42,11.360000000000001,12873.019,9999.999,10870.27275298,1.2873019,0.9999998999999999,INTERNET_Auction_Results_rus_2016_20161230_1.xlsx,2016,
2016-08-03,26217RMFS,ОФЗ-ПД,,1841.0,20000.0,95.19999999999999,95.3989,8.88,8.83,21840.126,15719.972,15516.697400559999,1.0920063,0.7859986,INTERNET_Auction_Results_rus_2016_20161230_1.xlsx,2016,
2016-08-03,26218RMFS,ОФЗ-ПД,,5523.0,10000.0,99.97200000000001,100.1127,8.68,8.66,18106.5,5740.0,5905.5259,1.81065,0.574,INTERNET_Auction_Results_rus_2016_20161230_1.xlsx,2016,
2016-08-10,26219RMFS,ОФЗ-ПД,,3689.0,15000.0,96.92,96.9604,8.37,8.37,58551.131,15000.0,14677.853,3.9034087333333334,1.0,INTERNET_Auction_Results_rus_2016_20161230_1.xlsx,2016,
2016-08-10,29006RMFS,ОФЗ-ПК,,3094.0,10000.0,104.0,104.098,11.469999999999999,11.450000000000001,9389.441,6239.437,6495.1312152,0.9389441000000001,0.6239437,INTERNET_Auction_Results_rus_2016_20161230_1.xlsx,2016,
2016-08-17,26219RMFS,ОФЗ-ПД,,3682.0,10000.0,95.05,97.0526,8.35,8.35,31671.084,10000.0,9809.261,3.1671084,1.0,INTERNET_Auction_Results_rus_2016_20161230_1.xlsx,2016,
2016-08-17,29011RMFS,ОФЗ-ПК,,1260.0,10000.0,102.2,102.3016,11.21,11.18,27811.111,9999.998,10275.05603302,2.7811111,0.9999998,INTERNET_Auction_Results_rus_2016_20161230_1.xlsx,2016,
2016-08-24,26217RMFS,ОФЗ-ПД,,1820.0,15000.0,95.86,95.9624,8.72,8.690000000000001,41135.637,14999.999,14394.36580575,2.7423758,0.9999999333333334,INTERNET_Auction_Results_rus_2016_20161230_1.xlsx,2016,
2016-08-31,26218RMFS,ОФЗ-ПД,,5495.0,15000.0,102.81499999999998,102.93319999999999,8.34,8.32,35917.422,14999.997,15953.42614931,2.3944948,0.9999998,INTERNET_Auction_Results_rus_2016_20161230_1.xlsx,2016,
2016-09-07,26219RMFS,ОФЗ-ПД,,3661.0,5000.0,98.91,99.006,8.07,8.05,14669.347,4999.999,5024.59779604,2.9338694,0.9999998,INTERNET_Auction_Results_rus_2016_20161230_1.xlsx,2016,
2016-09-07,24018RMFS,ОФЗ-ПК,,476.0,10667.496,102.05,102.125,10.08,10.02,33281.80299999999,10667.494,11131.10328924,3.11992645696797,0.9999998125145771,INTERNET_Auction_Results_rus_2016_20161230_1.xlsx,2016,
2016-09-14,26217RMFS,ОФЗ-ПД,,1799.0,5000.0,97.6,97.6178,8.260000000000002,8.260000000000002,21833.006,5000.0,4902.488,4.3666012,1.0,INTERNET_Auction_Results_rus_2016_20161230_1.xlsx,2016,
2016-09-14,29011RMFS,ОФЗ-ПК,,1232.0,10000.0,103.2,103.245,10.82,10.8,47704.793,9999.997,10459.09686637,4.7704793,0.9999996999999999,INTERNET_Auction_Results_rus_2016_20161230_1.xlsx,2016,
2016-09-21,26218RMFS,ОФЗ-ПД,,5474.0,6071.197,102.81,102.86280000000001,8.34,8.33,29380.441,6071.195,6482.504727900001,4.839316036030456,0.9999996705756706,INTERNET_Auction_Results_rus_2016_20161230_1.xlsx,2016,
2016-09-21,29006RMFS,ОФЗ-ПК,,3052.0,12000.0,105.46,105.5102,11.18,11.17,36958.632,11999.998,12825.50676242,3.0798859999999997,0.9999998333333333,INTERNET_Auction_Results_rus_2016_20161230_1.xlsx,2016,
2016-10-05,26217RMFS,ОФЗ-ПД,,1778.0,10000.0,97.30109999999999,97.3472,8.35,8.34,18441.396,9999.999,9821.016231360001,1.8441396,0.9999998999999999,INTERNET_Auction_Results_rus_2016_20161230_1.xlsx,2016,
2016-10-12,29011RMFS,ОФЗ-ПК,,1204.0,10000.0,102.855,102.94579999999999,10.92,10.89,16301.9,9999.999,10518.982441350001,1.63019,0.9999998999999999,INTERNET_Auction_Results_rus_2016_20161230_1.xlsx,2016,
2016-10-19,29006RMFS,ОФЗ-ПК,,3024.0,10000.0,105.27,105.2934,11.21,11.21,33850.437,9999.999,10757.538924479999,3.3850436999999998,0.9999998999999999,INTERNET_Auction_Results_rus_2016_20161230_1.xlsx,2016,
2016-10-26,26219RMFS,ОФЗ-ПД,,3612.0,10000.0,96.26,96.5044,8.48,8.44,16655.916,10000.0,9709.844336479999,1.6655916000000002,1.0,INTERNET_Auction_Results_rus_2016_20161230_1.xlsx,2016,
2016-11-02,29006RMFS,ОФЗ-ПК,,3010.0,10000.0,105.4996,105.607,11.16,11.14,28722.698,9999.998,10834.59843308,2.8722698,0.9999998,INTERNET_Auction_Results_rus_2016_20161230_1.xlsx,2016,
2016-11-09,26218RMFS,ОФЗ-ПД,,5425.0,10000.0,100.36,100.5782,8.63,8.61,16199.826000000003,10000.0,10139.32435,1.6199826000000004,1.0,INTERNET_Auction_Results_rus_2016_20161230_1.xlsx,2016,
2016-11-16,29006RMFS,ОФЗ-ПК,,2996.0,10065.932999999999,105.55630000000001,105.6327,11.15,11.129999999999999,16813.396999999997,10065.93,10954.515817,1.6703267347398396,0.9999997019650341,INTERNET_Auction_Results_rus_2016_20161230_1.xlsx,2016,
2016-11-16,26216RMFS,ОФЗ-ПД,,910.0,10000.0,95.56,95.5864,8.91,8.9,29622.59,9999.999,9558.642044400001,2.962259,0.9999998999999999,INTERNET_Auction_Results_rus_2016_20161230_1.xlsx,2016,
2016-11-23,26217RMFS,ОФЗ-ПД,,1729.0,20000.0,95.46,95.5596,8.870000000000001,8.85,35159.641,19999.998,19485.925999,1.75798205,0.9999998999999999,INTERNET_Auction_Results_rus_2016_20161230_1.xlsx,2016,
2016-11-23,29011RMFS,ОФЗ-ПК,,1162.0,9518.484,103.10999999999999,103.1269,10.79,10.780000000000001,28240.434,9518.481,10157.82760029,2.9669046037163063,0.9999996848237597,INTERNET_Auction_Results_rus_2016_20161230_1.xlsx,2016,
2016-11-30,29012RMFS,ОФЗ-ПК,,2177.0,20000.0,99.8,100.0177,11.08,11.03,90277.238,9927.884,9929.640603519998,4.5138619,0.4963942,INTERNET_Auction_Results_rus_2016_20161230_1.xlsx,2016,
2016-11-30,26217RMFS,ОФЗ-ПД,,1722.0,10000.0,95.111,95.2979,8.98,8.92,13249.281,10000.0,9731.1910585,1.3249281000000002,1.0,INTERNET_Auction_Results_rus_2016_20161230_1.xlsx,2016,
2016-12-07,24019RMFS,ОФЗ-ПК,,1043.0,20000.0,100.511,100.64020000000001,10.71,10.65,91077.029,19999.988,20168.83245191,4.55385145,0.9999994000000001,INTERNET_Auction_Results_rus_2016_20161230_1.xlsx,2016,
2016-12-07,26219RMFS,ОФЗ-ПД,,3570.0,20000.0,94.76010000000001,94.8617,8.73,8.709999999999999,36205.549,20000.0,19269.54233,1.8102774499999998,1.0,INTERNET_Auction_Results_rus_2016_20161230_1.xlsx,2016,
2016-12-14,29012RMFS,ОФЗ-ПК,,2163.0,25000.0,101.4006,101.4804,10.69,10.67,81983.818,24999.994,25473.09006665,3.27935272,0.9999997599999999,INTERNET_Auction_Results_rus_2016_20161230_1.xlsx,2016,
2016-12-14,26218RMFS,ОФЗ-ПД,,5390.0,20000.0,100.25,100.3547,8.649999999999999,8.63,45125.795,19999.998,20396.932527440003,2.25628975,0.9999998999999999,INTERNET_Auction_Results_rus_2016_20161230_1.xlsx,2016,
2016-12-21,24019RMFS,ОФЗ-ПК,,1029.0,25000.0,100.85,100.96000000000001,10.549999999999999,10.51,53875.88,24999.989,25392.976668,2.1550352,0.99999956,INTERNET_Auction_Results_rus_2016_20161230_1.xlsx,2016,
2016-12-21,26219RMFS,ОФЗ-ПД,,3556.0,20000.0,95.3,95.4914,8.64,8.61,19902.593,12659.749,12314.69113371,0.9951296500000001,0.63298745,INTERNET_Auction_Results_rus_2016_20161230_1.xlsx,2016,
2016-12-28,26217RMFS,ОФЗ-ПД,,1694.0,10000.0,97.5762,97.5762,8.3,8.3,33134.175,10000.0,10016.52,3.3134175000000003,1.0,INTERNET_Auction_Results_rus_2016_20161230_1.xlsx,2016,
2016-12-28,29012RMFS,ОФЗ-ПК,,2149.0,15000.0,102.17,102.25569999999999,10.5,10.48,22656.965,8004.092,8250.593061709998,1.5104643333333334,0.5336061333333333,INTERNET_Auction_Results_rus_2016_20161230_1.xlsx,2016,
,,,,,1128434.5052015798,,,,,2684486.7460337994,1027994.1845986197,1030675.2361606398,2.3789477667153145,0.9109914486485702,INTERNET_Auction_Results_rus_2016_20161230_1.xlsx,2016,
,,,,,,,,,,,,,,,INTERNET_Auction_Results_rus_2016_20161230_1.xlsx,2016,
,,,,,,,,,,,,,,,INTERNET_Auction_Results_rus_2017_20171227.xlsx,2017,
2017-01-11,26219RMFS,ОФЗ-ПД,,3535.0,25000.0,98.0636,98.2081,8.200000000000001,8.18,51913.288,24999.999,25109.262645969997,2.07653152,0.99999996,INTERNET_Auction_Results_rus_2017_20171227.xlsx,2017,
2017-01-11,24019RMFS,ОФЗ-ПК,,1008.0,15000.0,101.312,101.37750000000001,10.34,10.31,49242.172,14999.998,15390.22293948,3.282811466666667,0.9999998666666666,INTERNET_Auction_Results_rus_2017_20171227.xlsx,2017,
2017-01-18,26217RMFS,ОФЗ-ПД,,1673.0,23406.285,98.912,99.0525,7.9399999999999995,7.9,42843.008,23406.285,23891.604779049998,1.8304061494594295,1.0,INTERNET_Auction_Results_rus_2017_20171227.xlsx,2017,
2017-01-18,26218RMFS,ОФЗ-ПД,,5355.0,20000.0,102.39450000000001,102.5759,8.38,8.36,26212.217,20000.0,21004.183553,1.31061085,1.0,INTERNET_Auction_Results_rus_2017_20171227.xlsx,2017,
2017-01-25,29012RMFS,ОФЗ-ПК,,2121.0,20000.0,102.14000000000001,102.21709999999999,10.5,10.48,44233.522,19987.497,20760.03684845,2.2116761,0.9993748499999999,INTERNET_Auction_Results_rus_2017_20171227.xlsx,2017,
2017-01-25,26219RMFS,ОФЗ-ПД,,3521.0,20000.0,97.0,97.17139999999999,8.37,8.34,21093.801,15855.203,15807.22258072,1.05469005,0.79276015,INTERNET_Auction_Results_rus_2017_20171227.xlsx,2017,
2017-02-01,24019RMFS,ОФЗ-ПК,,987.0,15000.0,101.1611,101.2149,10.39,10.37,49087.172,14999.996,15457.62637058,3.2724781333333333,0.9999997333333333,INTERNET_Auction_Results_rus_2017_20171227.xlsx,2017,
2017-02-01,26220RMFS,ОФЗ-ПД,,2135.0,15000.0,97.19149999999999,97.298,8.17,8.15,62362.795,14999.996,14594.69415808,4.1575196666666665,0.9999997333333333,INTERNET_Auction_Results_rus_2017_20171227.xlsx,2017,
2017-02-08,26220RMFS,ОФЗ-ПД,,2128.0,25000.0,96.8515,96.94709999999999,8.25,8.23,24556.595,15358.217,14911.15148887,0.9822638,0.6143286800000001,INTERNET_Auction_Results_rus_2017_20171227.xlsx,2017,
2017-02-08,26218RMFS,ОФЗ-ПД,,5334.0,15000.0,102.03,102.1909,8.43,8.41,32055.999999999996,15000.0,15768.72912,2.1370666666666662,1.0,INTERNET_Auction_Results_rus_2017_20171227.xlsx,2017,
2017-02-15,29012RMFS,ОФЗ-ПК,,2100.0,15000.0,102.20100000000001,102.2255,10.48,10.47,51023.276,14999.996,15673.72617036,3.401551733333333,0.9999997333333333,INTERNET_Auction_Results_rus_2017_20171227.xlsx,2017,
2017-02-15,26219RMFS,ОФЗ-ПД,,3500.0,25000.0,97.57000000000001,97.6859,8.28,8.260000000000002,42373.286,25000.0,25164.466275,1.69493144,1.0,INTERNET_Auction_Results_rus_2017_20171227.xlsx,2017,
2017-02-22,26220RMFS,ОФЗ-ПД,,2114.0,20000.0,95.8451,95.93209999999999,8.49,8.469999999999999,23447.313,13717.599,13218.017877019998,1.17236565,0.68587995,INTERNET_Auction_Results_rus_2017_20171227.xlsx,2017,
2017-02-22,26218RMFS,ОФЗ-ПД,,5320.0,10000.0,102.02,102.04729999999999,8.43,8.42,30855.071,10000.0,10530.73407,3.0855071,1.0,INTERNET_Auction_Results_rus_2017_20171227.xlsx,2017,
2017-03-01,26219RMFS,ОФЗ-ПД,,3486.0,20000.0,96.5215,96.6351,8.450000000000001,8.44,51294.128,19999.999,19981.011650949997,2.5647064,0.99999995,INTERNET_Auction_Results_rus_2017_20171227.xlsx,2017,
2017-03-01,26216RMFS,ОФЗ-ПД,,805.0,15000.0,96.55,96.5962,8.62,8.59,27290.641,14999.999,14778.627115950001,1.8193760666666667,0.9999999333333334,INTERNET_Auction_Results_rus_2017_20171227.xlsx,2017,
2017-03-15,26220RMFS,ОФЗ-ПД,,2093.0,25000.0,97.0115,97.0916,8.219999999999999,8.21,76240.07,24999.997,24485.64672673,3.0496028,0.99999988,INTERNET_Auction_Results_rus_2017_20171227.xlsx,2017,
2017-03-15,26221RMFS,ОФЗ-ПД,,5852.0,20000.0,95.78,96.1396,8.34,8.3,80173.833,19999.994,19346.114271150003,4.00869165,0.9999996999999999,INTERNET_Auction_Results_rus_2017_20171227.xlsx,2017,
2017-03-22,26219RMFS,ОФЗ-ПД,,3465.0,27000.0,98.0124,98.22109999999999,8.21,8.18,42392.073,26999.997,27522.747740720002,1.5700767777777778,0.9999998888888889,INTERNET_Auction_Results_rus_2017_20171227.xlsx,2017,
2017-03-22,26216RMFS,ОФЗ-ПД,,784.0,13000.0,96.89999999999999,96.91499999999999,8.469999999999999,8.459999999999999,15893.584,4100.765,4069.1070941999997,1.2225833846153846,0.3154434615384616,INTERNET_Auction_Results_rus_2017_20171227.xlsx,2017,
2017-03-29,26221RMFS,ОФЗ-ПД,,5838.0,25000.0,96.65,96.8003,8.23,8.219999999999999,38449.877,24999.993,24421.573459979998,1.53799508,0.9999997199999999,INTERNET_Auction_Results_rus_2017_20171227.xlsx,2017,
2017-03-29,24019RMFS,ОФЗ-ПК,,931.0,20000.0,101.58,101.6646,10.17,10.13,61550.753,19999.995,21026.71515855,3.07753765,0.99999975,INTERNET_Auction_Results_rus_2017_20171227.xlsx,2017,
2017-04-05,26220RMFS,ОФЗ-ПД,,2072.0,30000.0,98.0015,98.0458,8.0,7.99,71887.022,30000.0,29796.84645,2.3962340666666666,1.0,INTERNET_Auction_Results_rus_2017_20171227.xlsx,2017,
2017-04-05,26218RMFS,ОФЗ-ПД,,5278.0,12898.085,104.96000000000001,105.0125,8.07,8.07,48151.389,12898.084,13544.6035476,3.733220009016843,0.9999999224691108,INTERNET_Auction_Results_rus_2017_20171227.xlsx,2017,
2017-04-12,26220RMFS,ОФЗ-ПД,,2065.0,20000.0,97.55,97.735,8.1,8.06,28889.713,19999.997,19830.78879038,1.44448565,0.99999985,INTERNET_Auction_Results_rus_2017_20171227.xlsx,2017,
2017-04-12,29012RMFS,ОФЗ-ПК,,2044.0,20000.0,102.75000000000001,102.85280000000002,10.33,10.31,19561.29,12223.111,13050.1010605,0.9780645,0.61115555,INTERNET_Auction_Results_rus_2017_20171227.xlsx,2017,
2017-04-19,26221RMFS,ОФЗ-ПД,,5817.0,20000.0,96.682,96.71600000000001,8.23,8.23,74029.558,19999.993,19608.99664685,3.7014779000000004,0.9999996499999999,INTERNET_Auction_Results_rus_2017_20171227.xlsx,2017,
2017-04-19,26216RMFS,ОФЗ-ПД,,756.0,19516.916999999998,96.966,96.9823,8.49,8.48,62036.396,19516.914,19479.692345019997,3.1785960866667624,0.9999998462871981,INTERNET_Auction_Results_rus_2017_20171227.xlsx,2017,
2017-04-26,26220RMFS,ОФЗ-ПД,,2051.0,25000.0,98.6227,98.7881,7.85,7.82,46698.623,24999.999,25122.77797079,1.86794492,0.99999996,INTERNET_Auction_Results_rus_2017_20171227.xlsx,2017,
2017-04-26,26221RMFS,ОФЗ-ПД,,5810.0,20000.0,97.783,97.8193,8.1,8.1,54379.743,19999.993,19859.258799260002,2.7189871500000002,0.9999996499999999,INTERNET_Auction_Results_rus_2017_20171227.xlsx,2017,
2017-05-03,26219RMFS,ОФЗ-ПД,,3423.0,20000.0,101.38100000000001,101.4332,7.68,7.670000000000001,36374.571,19999.997,20435.233361240003,1.81872855,0.99999985,INTERNET_Auction_Results_rus_2017_20171227.xlsx,2017,
2017-05-03,26222RMFS,ОФЗ-ПД,,2723.0,25000.0,97.041,97.2555,7.7700000000000005,7.7299999999999995,61253.879,24999.996,24313.87601466,2.45015516,0.99999984,INTERNET_Auction_Results_rus_2017_20171227.xlsx,2017,
2017-05-17,26221RMFS,ОФЗ-ПД,,5789.0,25000.0,98.5011,98.8427,8.02,7.9799999999999995,33433.269,24999.995,25190.669500670003,1.33733076,0.9999998,INTERNET_Auction_Results_rus_2017_20171227.xlsx,2017,
2017-05-17,26220RMFS,ОФЗ-ПД,,2030.0,25000.0,98.98010000000001,99.1505,7.7700000000000005,7.7299999999999995,24724.539,20765.338,21030.82538233,0.98898156,0.83061352,INTERNET_Auction_Results_rus_2017_20171227.xlsx,2017,
2017-05-24,26219RMFS,ОФЗ-ПД,,3402.0,25000.0,101.1,101.30539999999999,7.720000000000001,7.6899999999999995,33372.729,21470.687,22006.259632970003,1.33490916,0.8588274800000001,INTERNET_Auction_Results_rus_2017_20171227.xlsx,2017,
2017-05-24,24019RMFS,ОФЗ-ПК,,875.0,20000.0,102.3,102.37369999999999,9.46,9.43,12796.381,7495.355,7747.69797724,0.63981905,0.37476774999999996,INTERNET_Auction_Results_rus_2017_20171227.xlsx,2017,
2017-05-31,26220RMFS,ОФЗ-ПД,,2016.0,20000.0,98.222,98.3704,7.95,7.920000000000001,30826.417,16380.001,16508.154427629997,1.54132085,0.81900005,INTERNET_Auction_Results_rus_2017_20171227.xlsx,2017,
2017-05-31,29012RMFS,ОФЗ-ПК,,1995.0,20000.0,103.0,103.0641,9.83,9.82,25229.324,15882.295,16400.388175559998,1.2614662,0.79411475,INTERNET_Auction_Results_rus_2017_20171227.xlsx,2017,
2017-06-07,26222RMFS,ОФЗ-ПД,,2688.0,20000.0,96.5707,96.6372,7.870000000000001,7.85,47230.047,19999.999,19463.63150682,2.36150235,0.99999995,INTERNET_Auction_Results_rus_2017_20171227.xlsx,2017,
2017-06-07,26221RMFS,ОФЗ-ПД,,5768.0,15000.0,98.612,98.6729,8.0,8.0,34938.524,14999.996,15155.38358857,2.3292349333333333,0.9999997333333333,INTERNET_Auction_Results_rus_2017_20171227.xlsx,2017,
2017-06-14,26220RMFS,ОФЗ-ПД,,2002.0,25000.0,98.62100000000001,98.8639,7.86,7.8,38131.514,25000.0,24715.9801765,1.5252605600000002,1.0,INTERNET_Auction_Results_rus_2017_20171227.xlsx,2017,
2017-06-14,26219RMFS,ОФЗ-ПД,,3381.0,15000.0,100.46,100.57480000000001,7.82,7.8100000000000005,27175.928,14999.998,15331.4744531,1.8117285333333333,0.9999998666666666,INTERNET_Auction_Results_rus_2017_20171227.xlsx,2017,
2017-06-21,26222RMFS,ОФЗ-ПД,,2674.0,15000.0,95.5112,95.5857,8.07,8.06,36086.184,14999.999,14480.797634620001,2.4057456,0.9999999333333334,INTERNET_Auction_Results_rus_2017_20171227.xlsx,2017,
2017-06-21,29012RMFS,ОФЗ-ПК,,1974.0,15000.0,103.19,103.22210000000001,9.78,9.77,38290.996,14999.996,15602.115639439999,2.5527330666666668,0.9999997333333333,INTERNET_Auction_Results_rus_2017_20171227.xlsx,2017,
2017-06-28,26221RMFS,ОФЗ-ПД,,5747.0,25000.0,97.8,97.9208,8.1,8.09,40319.973,24999.997,25181.702234599998,1.61279892,0.99999988,INTERNET_Auction_Results_rus_2017_20171227.xlsx,2017,
2017-06-28,24019RMFS,ОФЗ-ПК,,840.0,10000.0,102.27,102.31030000000001,9.43,9.41,16710.587,5719.953,5965.64005997,1.6710587,0.5719953000000001,INTERNET_Auction_Results_rus_2017_20171227.xlsx,2017,
2017-07-05,26220RMFS,ОФЗ-ПД,,1981.0,20000.0,97.7222,97.82220000000001,8.08,8.06,33528.868,20000.0,19649.63009418,1.6764434000000001,1.0,INTERNET_Auction_Results_rus_2017_20171227.xlsx,2017,
2017-07-05,26219RMFS,ОФЗ-ПД,,3360.0,15000.0,99.27,99.434,8.01,7.99,19098.03,13320.0,13521.80335,1.273202,0.888,INTERNET_Auction_Results_rus_2017_20171227.xlsx,2017,
2017-07-12,26222RMFS,ОФЗ-ПД,,2653.0,20000.0,95.25,95.3414,8.129999999999999,8.110000000000001,33579.027,19999.998,19340.686947759998,1.6789513500000002,0.9999998999999999,INTERNET_Auction_Results_rus_2017_20171227.xlsx,2017,
2017-07-12,29012RMFS,ОФЗ-ПК,,1953.0,10000.0,103.225,103.2723,9.76,9.75,26405.444,9999.997,10465.725420269999,2.6405444,0.9999996999999999,INTERNET_Auction_Results_rus_2017_20171227.xlsx,2017,
2017-07-19,26220RMFS,ОФЗ-ПД,,1967.0,23778.856,98.05,98.102,8.0,7.99,58680.397,23778.854,23496.35488688,2.467755261228715,0.9999999158916644,INTERNET_Auction_Results_rus_2017_20171227.xlsx,2017,
2017-07-19,26221RMFS,ОФЗ-ПД,,5726.0,15000.0,97.7625,97.9681,8.1,8.08,19384.038,15000.0,15182.55803324,1.2922692,1.0,INTERNET_Auction_Results_rus_2017_20171227.xlsx,2017,
2017-07-26,26214RMFS,ОФЗ-ПД,,1036.0,15000.0,96.02000000000001,96.0769,8.15,8.12,40379.035,14999.998,14558.83296146,2.6919356666666667,0.9999998666666666,INTERNET_Auction_Results_rus_2017_20171227.xlsx,2017,
2017-07-26,29012RMFS,ОФЗ-ПК,,1939.0,15000.0,103.28120000000001,103.3597,9.74,9.719999999999999,28816.952,14999.997,15771.10339587,1.9211301333333335,0.9999998,INTERNET_Auction_Results_rus_2017_20171227.xlsx,2017,
2017-08-02,26219RMFS,ОФЗ-ПД,,3332.0,20000.0,99.50099999999999,99.6049,7.9799999999999995,7.960000000000001,34553.679,19999.999,20455.97854231,1.7276839499999999,0.99999995,INTERNET_Auction_Results_rus_2017_20171227.xlsx,2017,
2017-08-02,26220RMFS,ОФЗ-ПД,,1953.0,15000.0,97.69149999999999,97.71889999999999,8.09,8.09,38038.004,15000.0,14806.78148364,2.5358669333333332,1.0,INTERNET_Auction_Results_rus_2017_20171227.xlsx,2017,
2017-08-09,26222RMFS,ОФЗ-ПД,,2625.0,25000.0,95.95,96.02420000000001,8.0,7.9799999999999995,40991.292,24999.997,24482.53893932,1.63965168,0.99999988,INTERNET_Auction_Results_rus_2017_20171227.xlsx,2017,
2017-08-09,26221RMFS,ОФЗ-ПД,,5705.0,15000.0,98.31,98.4094,8.04,8.03,29767.359,14999.996,15315.21146272,1.9844906,0.9999997333333333,INTERNET_Auction_Results_rus_2017_20171227.xlsx,2017,
2017-08-16,26207RMFS,ОФЗ-ПД,,3458.0,20000.0,103.3155,103.41180000000001,7.8,7.779999999999999,39869.354,19999.999,20682.364611880002,1.9934677,0.99999995,INTERNET_Auction_Results_rus_2017_20171227.xlsx,2017,
2017-08-16,26220RMFS,ОФЗ-ПД,,1939.0,20000.0,98.3711,98.3998,7.93,7.920000000000001,60189.834,20000.0,19935.36013,3.0094917000000003,1.0,INTERNET_Auction_Results_rus_2017_20171227.xlsx,2017,
2017-08-23,26222RMFS,ОФЗ-ПД,,2611.0,25000.0,96.08149999999999,96.1303,7.9799999999999995,7.969999999999999,60096.32,24999.999,24577.315382359997,2.4038528,0.99999996,INTERNET_Auction_Results_rus_2017_20171227.xlsx,2017,
2017-08-23,26221RMFS,ОФЗ-ПД,,5691.0,15000.0,98.322,98.3903,8.04,8.03,30939.933,14999.998,15356.589927559999,2.0626622,0.9999998666666666,INTERNET_Auction_Results_rus_2017_20171227.xlsx,2017,
2017-08-30,26219RMFS,ОФЗ-ПД,,3304.0,20566.265000000003,99.932,99.9675,7.91,7.9,56900.168,20566.265,21232.0948053,2.7666748434876234,0.9999999999999998,INTERNET_Auction_Results_rus_2017_20171227.xlsx,2017,
2017-08-30,29012RMFS,ОФЗ-ПК,,1904.0,15000.0,103.71,103.73000000000002,9.62,9.610000000000001,39615.713,15000.0,15975.15,2.6410475333333334,1.0,INTERNET_Auction_Results_rus_2017_20171227.xlsx,2017,
2017-09-06,26221RMFS,ОФЗ-ПД,,5677.0,20000.0,100.01199999999999,100.0601,7.84,7.84,66689.02699999999,19999.997,20868.62214461,3.3344513499999993,0.99999985,INTERNET_Auction_Results_rus_2017_20171227.xlsx,2017,
2017-09-06,26220RMFS,ОФЗ-ПД,,1918.0,20000.0,100.002,100.08300000000001,7.53,7.51,52039.079,19999.998,20357.20151648,2.60195395,0.9999998999999999,INTERNET_Auction_Results_rus_2017_20171227.xlsx,2017,
2017-09-13,26207RMFS,ОФЗ-ПД,,3430.0,20000.0,104.57300000000001,104.6694,7.6,7.59,45638.631,19999.998,21058.877415280003,2.28193155,0.9999998999999999,INTERNET_Auction_Results_rus_2017_20171227.xlsx,2017,
2017-09-13,26222RMFS,ОФЗ-ПД,,2590.0,20000.0,97.717,97.7426,7.66,7.66,57697.275,19999.999,20065.9154956,2.88486375,0.99999995,INTERNET_Auction_Results_rus_2017_20171227.xlsx,2017,
2017-09-20,26220RMFS,ОФЗ-ПД,,1904.0,25000.0,99.7474,99.7801,7.6,7.59,74277.013,25000.0,25441.7681526,2.97108052,1.0,INTERNET_Auction_Results_rus_2017_20171227.xlsx,2017,
2017-09-20,29012RMFS,ОФЗ-ПК,,1883.0,15000.0,103.71,103.73000000000002,9.610000000000001,9.610000000000001,36597.352,15000.0,16064.250000000002,2.4398234666666667,1.0,INTERNET_Auction_Results_rus_2017_20171227.xlsx,2017,
2017-09-27,26222RMFS,ОФЗ-ПД,,2576.0,20000.0,97.001,97.06280000000001,7.8,7.79,32350.641000000003,19999.999,19984.3542764,1.61753205,0.99999995,INTERNET_Auction_Results_rus_2017_20171227.xlsx,2017,
2017-09-27,26214RMFS,ОФЗ-ПД,,973.0,20000.0,97.2,97.15,7.720000000000001,7.71,18634.588,5021.947,4986.43309875,0.9317294,0.25109735,INTERNET_Auction_Results_rus_2017_20171227.xlsx,2017,
2017-10-04,26221RMFS,ОФЗ-ПД,,5649.0,20000.0,99.451,99.5224,7.91,7.9,68480.457,19999.999,20879.085156039997,3.4240228499999996,0.99999995,INTERNET_Auction_Results_rus_2017_20171227.xlsx,2017,
2017-10-04,26220RMFS,ОФЗ-ПД,,1890.0,8945.595000000001,99.72,99.7779,7.6,7.59,48147.893,8945.591,9128.878664,5.382301903897951,0.9999995528525492,INTERNET_Auction_Results_rus_2017_20171227.xlsx,2017,
2017-10-11,26207RMFS,ОФЗ-ПД,,3402.0,20000.0,104.933,104.9663,7.539999999999999,7.539999999999999,84855.98,19999.998,21243.25315569,4.242799,0.9999998999999999,INTERNET_Auction_Results_rus_2017_20171227.xlsx,2017,
2017-10-11,26222RMFS,ОФЗ-ПД,,2562.0,10000.0,98.491,98.5253,7.51,7.51,31590.033,10000.0,10165.7293,3.1590032999999997,1.0,INTERNET_Auction_Results_rus_2017_20171227.xlsx,2017,
2017-10-18,25083RMFS,ОФЗ-ПД,,1519.0,20000.0,98.9,98.9378,7.430000000000001,7.42,83493.34,19999.994,19814.34840572,4.1746669999999995,0.9999996999999999,INTERNET_Auction_Results_rus_2017_20171227.xlsx,2017,
2017-10-18,26221RMFS,ОФЗ-ПД,,5635.0,10000.0,100.6565,100.6802,7.7700000000000005,7.7700000000000005,48442.372,10000.0,10082.8175,4.8442372,1.0,INTERNET_Auction_Results_rus_2017_20171227.xlsx,2017,
2017-10-25,26222RMFS,ОФЗ-ПД,,2548.0,20000.0,98.5606,98.58879999999999,7.5,7.5,52409.353,19999.999,19717.767514119998,2.62046765,0.99999995,INTERNET_Auction_Results_rus_2017_20171227.xlsx,2017,
2017-10-25,29012RMFS,ОФЗ-ПК,,1848.0,10000.0,103.64999999999999,103.67200000000001,9.62,9.610000000000001,23091.983,10000.0,10802.6,2.3091983,1.0,INTERNET_Auction_Results_rus_2017_20171227.xlsx,2017,
2017-11-01,26207RMFS,ОФЗ-ПД,,3381.0,15000.0,104.4,104.4809,7.62,7.61,21818.932,14999.997,15929.98800326,1.4545954666666667,0.9999998,INTERNET_Auction_Results_rus_2017_20171227.xlsx,2017,
2017-11-01,25083RMFS,ОФЗ-ПД,,1505.0,10000.0,98.6222,98.6637,7.5200000000000005,7.51,23915.067,9999.999,9906.672530329999,2.3915067,0.9999998999999999,INTERNET_Auction_Results_rus_2017_20171227.xlsx,2017,
2017-11-08,26221RMFS,ОФЗ-ПД,,5614.0,10000.0,99.96000000000001,100.0169,7.85,7.84,22595.433,10000.0,10060.785,2.2595433000000003,1.0,INTERNET_Auction_Results_rus_2017_20171227.xlsx,2017,
2017-11-08,26222RMFS,ОФЗ-ПД,,2534.0,15000.0,97.5,97.6144,7.71,7.6899999999999995,15135.0,12595.0,12328.79619,1.009,0.8396666666666667,INTERNET_Auction_Results_rus_2017_20171227.xlsx,2017,
2017-11-15,25083RMFS,ОФЗ-ПД,,1491.0,10000.0,98.33,98.3468,7.61,7.6,29507.889,9999.995,9901.774432970002,2.9507889,0.9999995,INTERNET_Auction_Results_rus_2017_20171227.xlsx,2017,
2017-11-15,29012RMFS,ОФЗ-ПК,,1827.0,10000.0,103.3,103.3933,9.700000000000001,9.68,6949.641,4137.468,4482.58512968,0.6949641,0.41374679999999997,INTERNET_Auction_Results_rus_2017_20171227.xlsx,2017,
2017-11-22,26207RMFS,ОФЗ-ПД,,3360.0,14363.296999999999,104.16000000000001,104.2192,7.6499999999999995,7.6499999999999995,42866.49,14363.295,15283.57383724,2.984446398344336,0.999999860756204,INTERNET_Auction_Results_rus_2017_20171227.xlsx,2017,
2017-11-22,26222RMFS,ОФЗ-ПД,,2520.0,10000.0,98.05,98.05,7.6,7.6,50789.281,9999.997,9859.49704215,5.078928100000001,0.9999996999999999,INTERNET_Auction_Results_rus_2017_20171227.xlsx,2017,
2017-11-29,26222RMFS,ОФЗ-ПД,,2513.0,16192.468,98.56,98.6532,7.5,7.489999999999999,42623.686,16192.464999999998,16084.663040649999,2.6323155926570303,0.9999998147286749,INTERNET_Auction_Results_rus_2017_20171227.xlsx,2017,
2017-11-29,26212RMFS,ОФЗ-ПД,,3703.0,10000.0,96.82,96.91680000000001,7.64,7.630000000000001,19478.017,9999.997,9921.47438143,1.9478017,0.9999996999999999,INTERNET_Auction_Results_rus_2017_20171227.xlsx,2017,
2017-12-06,25083RMFS,ОФЗ-ПД,,1470.0,15000.0,98.91,98.9815,7.4399999999999995,7.42,33155.015,14999.998,15008.31860032,2.2103343333333334,0.9999998666666666,INTERNET_Auction_Results_rus_2017_20171227.xlsx,2017,
2017-12-06,26221RMFS,ОФЗ-ПД,,5586.0,10000.0,99.95009999999999,100.0294,7.85,7.84,28126.351,9999.997,10121.03501368,2.8126351,0.9999996999999999,INTERNET_Auction_Results_rus_2017_20171227.xlsx,2017,
2017-12-13,25083RMFS,ОФЗ-ПД,,1463.0,20000.0,99.112,99.1799,7.380000000000001,7.359999999999999,45775.842,19999.998,20077.57343725,2.2887920999999998,0.9999998999999999,INTERNET_Auction_Results_rus_2017_20171227.xlsx,2017,
2017-12-13,26212RMFS,ОФЗ-ПД,,3689.0,20000.0,96.8301,96.90530000000001,7.64,7.630000000000001,39448.85,19999.996,19894.851456020002,1.9724424999999999,0.9999998,INTERNET_Auction_Results_rus_2017_20171227.xlsx,2017,
2017-12-20,26222RMFS,ОФЗ-ПД,,2492.0,25000.0,99.34100000000001,99.36019999999999,7.35,7.35,77842.109,24999.997,25112.301386540003,3.1136843599999997,0.99999988,INTERNET_Auction_Results_rus_2017_20171227.xlsx,2017,
2017-12-20,26221RMFS,ОФЗ-ПД,,5572.0,20000.0,100.39089999999999,100.4437,7.8,7.79,54165.698,19999.996,20384.14422706,2.7082848999999998,0.9999998,INTERNET_Auction_Results_rus_2017_20171227.xlsx,2017,
2017-12-27,26214RMFS,ОФЗ-ПД,,882.0,25000.0,99.00999999999999,99.15310000000001,6.97,6.9,32049.081,23919.98,23834.852321180002,1.2819632399999998,0.9567992,INTERNET_Auction_Results_rus_2017_20171227.xlsx,2017,
2017-12-27,26222RMFS,ОФЗ-ПД,,2485.0,10000.0,99.53999999999999,99.6293,7.31,7.3,15643.128,8444.604,8516.74320471,1.5643128000000002,0.8444603999999999,INTERNET_Auction_Results_rus_2017_20171227.xlsx,2017,
,,,,,1784667.7679999997,,,,,4004267.045000001,1688062.6129999997,1704913.7288756412,2.24370446802399,0.9458693899603167,INTERNET_Auction_Results_rus_2017_20171227.xlsx,2017,
,,,,,,,,,,,,,,,INTERNET_Auction_Results_rus_2017_20171227.xlsx,2017,
,,,,,,,,,,,,,,,INTERNET_Auction_Results_rus_2018_20181226.xlsx,2018,
2018-01-10,25083RMFS,ОФЗ-ПД,,1435.0,20000.0,100.25,100.25520000000002,7.03,7.03,70597.625,19999.998,20400.03756,3.52988125,0.9999998999999999,INTERNET_Auction_Results_rus_2018_20181226.xlsx,2018,
2018-01-10,26212RMFS,ОФЗ-ПД,,3661.0,20000.0,97.89999999999999,98.1022,7.48,7.449999999999999,19714.287,18013.977,18232.15964288,0.98571435,0.9006988499999999,INTERNET_Auction_Results_rus_2018_20181226.xlsx,2018,
2018-01-17,26222RMFS,ОФЗ-ПД,,2464.0,25000.0,100.0055,100.05040000000001,7.22,7.21,59668.375,25000.0,25421.108575,2.386735,1.0,INTERNET_Auction_Results_rus_2018_20181226.xlsx,2018,
2018-01-17,26221RMFS,ОФЗ-ПД,,5544.0,15000.0,101.01199999999999,101.0849,7.7299999999999995,7.720000000000001,38490.308,14999.998,15472.783001299998,2.566020533333333,0.9999998666666666,INTERNET_Auction_Results_rus_2018_20181226.xlsx,2018,
2018-01-24,25083RMFS,ОФЗ-ПД,,1421.0,25000.0,100.31000000000002,100.38609999999998,7.01,6.99,83119.076,24999.999,25600.0153419,3.32476304,0.99999996,INTERNET_Auction_Results_rus_2018_20181226.xlsx,2018,
2018-01-24,26212RMFS,ОФЗ-ПД,,3647.0,15000.0,98.33,98.336,7.42,7.42,53078.473,15000.0,15257.4,3.5385648666666665,1.0,INTERNET_Auction_Results_rus_2018_20181226.xlsx,2018,
2018-01-31,26222RMFS,ОФЗ-ПД,,2450.0,15000.0,100.5001,100.5219,7.12,7.12,68316.599,14999.999,15364.18547594,4.554439933333334,0.9999999333333334,INTERNET_Auction_Results_rus_2018_20181226.xlsx,2018,
2018-01-31,26221RMFS,ОФЗ-ПД,,5530.0,15000.0,102.8201,102.8479,7.5200000000000005,7.5200000000000005,40011.616,14999.999,15781.48987818,2.6674410666666666,0.9999999333333334,INTERNET_Auction_Results_rus_2018_20181226.xlsx,2018,
2018-02-07,26212RMFS,ОФЗ-ПД,,3633.0,20000.0,100.3101,100.3101,7.13,7.13,94520.61,20000.0,20089.02,4.7260305,1.0,INTERNET_Auction_Results_rus_2018_20181226.xlsx,2018,
2018-02-07,25083RMFS,ОФЗ-ПД,,1407.0,15000.0,101.02199999999999,101.06710000000001,6.79,6.78,40380.99,14999.998,15502.360950410002,2.692066,0.9999998666666666,INTERNET_Auction_Results_rus_2018_20181226.xlsx,2018,
2018-02-14,26221RMFS,ОФЗ-ПД,,5516.0,24259.167,103.8405,103.8867,7.41,7.3999999999999995,78826.71,24259.165,25846.86047103,3.249357655190716,0.9999999175569384,INTERNET_Auction_Results_rus_2018_20181226.xlsx,2018,
2018-02-14,26222RMFS,ОФЗ-ПД,,2436.0,20000.0,101.27010000000001,101.3051,6.97,6.97,55222.063,20000.0,20696.61045015,2.7611031500000003,1.0,INTERNET_Auction_Results_rus_2018_20181226.xlsx,2018,
2018-02-21,26212RMFS,ОФЗ-ПД,,3619.0,25913.618,100.66,100.7126,7.08,7.07,52383.286,25913.616,26203.47909357,2.0214578296245627,0.9999999228205032,INTERNET_Auction_Results_rus_2018_20181226.xlsx,2018,
2018-02-21,25083RMFS,ОФЗ-ПД,,1393.0,20000.0,101.49999999999999,101.5133,6.64,6.64,64705.101,19999.997,20812.85327907,3.23525505,0.99999985,INTERNET_Auction_Results_rus_2018_20181226.xlsx,2018,
2018-02-28,26225RMFS,ОФЗ-ПД,,5915.0,25000.0,99.76,99.836,7.41,7.3999999999999995,66210.291,24999.993,24993.7497944,2.64841164,0.9999997199999999,INTERNET_Auction_Results_rus_2018_20181226.xlsx,2018,
2018-02-28,26223RMFS,ОФЗ-ПД,,2191.0,25000.0,98.81,98.9916,6.859999999999999,6.819999999999999,74129.202,24999.993,24779.149141830003,2.96516808,0.9999997199999999,INTERNET_Auction_Results_rus_2018_20181226.xlsx,2018,
2018-03-07,26224RMFS,ОФЗ-ПД,,4095.0,20000.0,99.11,99.17859999999999,7.140000000000001,7.13,53716.556,19999.994,19888.70963338,2.6858277999999998,0.9999996999999999,INTERNET_Auction_Results_rus_2018_20181226.xlsx,2018,
2018-03-07,25083RMFS,ОФЗ-ПД,,1379.0,20000.0,101.5501,101.64930000000001,6.619999999999999,6.59,32760.143999999997,19999.998,20893.6675,1.6380071999999999,0.9999998999999999,INTERNET_Auction_Results_rus_2018_20181226.xlsx,2018,
2018-03-14,26225RMFS,ОФЗ-ПД,,5901.0,20000.0,100.01599999999999,100.09280000000001,7.380000000000001,7.37,44536.001,19999.99,20101.94377764,2.22680005,0.9999995,INTERNET_Auction_Results_rus_2018_20181226.xlsx,2018,
2018-03-14,26223RMFS,ОФЗ-ПД,,2177.0,20000.0,98.86749999999999,98.9051,6.84,6.84,38480.267,20000.0,19855.8126,1.92401335,1.0,INTERNET_Auction_Results_rus_2018_20181226.xlsx,2018,
2018-03-21,26224RMFS,ОФЗ-ПД,,4081.0,20000.0,99.21,99.2466,7.13,7.12,60750.964,19999.997,19955.12430673,3.0375482,0.99999985,INTERNET_Auction_Results_rus_2018_20181226.xlsx,2018,
2018-03-21,25083RMFS,ОФЗ-ПД,,1365.0,10000.0,101.75,101.78160000000001,6.5600000000000005,6.550000000000001,29408.722,9999.999,10486.957051309999,2.9408722000000003,0.9999998999999999,INTERNET_Auction_Results_rus_2018_20181226.xlsx,2018,
2018-03-28,26223RMFS,ОФЗ-ПД,,2163.0,20000.0,99.131,99.21130000000001,6.79,6.77,46901.67,19999.998,19966.853383319998,2.3450835,0.9999998999999999,INTERNET_Auction_Results_rus_2018_20181226.xlsx,2018,
2018-03-28,26225RMFS,ОФЗ-ПД,,5887.0,10000.0,99.881,99.912,7.3999999999999995,7.39,28477.398,9999.998,10060.698612859998,2.8477398000000003,0.9999998,INTERNET_Auction_Results_rus_2018_20181226.xlsx,2018,
2018-04-04,52002RMFS,ОФЗ-ИН,,3591.0,20036.2,96.06,96.203,2.9899999999999998,2.97,138008.07129768,20036.19699457,19294.6248565,6.8879364,0.99999985,INTERNET_Auction_Results_rus_2018_20181226.xlsx,2018,
2018-04-18,25083RMFS,ОФЗ-ПД,,1337.0,10000.0,100.2,100.2357,7.049999999999999,7.04,32851.129,9999.997,10386.06478525,3.2851129,0.9999996999999999,INTERNET_Auction_Results_rus_2018_20181226.xlsx,2018,
2018-04-18,29012RMFS,ОФЗ-ПК,,1673.0,10000.0,103.0,103.0682,8.32,8.3,6888.583,3188.412,3401.18108106,0.6888582999999999,0.3188412,INTERNET_Auction_Results_rus_2018_20181226.xlsx,2018,
2018-04-25,26223RMFS,ОФЗ-ПД,,2135.0,15000.0,97.7725,97.8273,7.090000000000001,7.08,49021.592,14999.999,14842.38961051,3.268106133333333,0.9999999333333334,INTERNET_Auction_Results_rus_2018_20181226.xlsx,2018,
2018-04-25,52002RMFS,ОФЗ-ИН,,3570.0,15061.15,96.46000000000001,96.5721,2.94,2.93,49880.0722359,15061.493975399999,14581.34725234,3.311836893988839,1.0000228385880228,INTERNET_Auction_Results_rus_2018_20181226.xlsx,2018,
2018-05-16,25083RMFS,ОФЗ-ПД,,1309.0,15000.0,100.335,100.4175,7.01,6.98,24096.512,14999.999,15686.926838230002,1.6064341333333332,0.9999999333333334,INTERNET_Auction_Results_rus_2018_20181226.xlsx,2018,
2018-05-16,26224RMFS,ОФЗ-ПД,,4025.0,15000.0,97.0025,97.1619,7.430000000000001,7.41,8688.043,6447.526,6366.9231976599995,0.5792028666666666,0.42983506666666665,INTERNET_Auction_Results_rus_2018_20181226.xlsx,2018,
2018-05-23,26223RMFS,ОФЗ-ПД,,2107.0,15000.0,97.50999999999999,97.5432,7.1499999999999995,7.140000000000001,37422.357,14999.999,14874.47234837,2.4948238000000003,0.9999999333333334,INTERNET_Auction_Results_rus_2018_20181226.xlsx,2018,
2018-05-23,52002RMFS,ОФЗ-ИН,,3542.0,15092.55,96.76,96.885,2.91,2.8899999999999997,39719.02056969,15092.50170384,14687.472884620001,2.6316971333333337,0.9999968,INTERNET_Auction_Results_rus_2018_20181226.xlsx,2018,
2018-05-30,26225RMFS,ОФЗ-ПД,,5824.0,15000.0,98.21,98.3398,7.580000000000001,7.57,37919.506,14999.996,14750.97192739,2.5279670666666667,0.9999997333333333,INTERNET_Auction_Results_rus_2018_20181226.xlsx,2018,
2018-05-30,25083RMFS,ОФЗ-ПД,,1295.0,15000.0,100.3511,100.40800000000002,7.000000000000001,6.98,21644.805,14999.999,15725.70144738,1.442987,0.9999999333333334,INTERNET_Auction_Results_rus_2018_20181226.xlsx,2018,
2018-06-06,26223RMFS,ОФЗ-ПД,,2093.0,15000.0,97.4015,97.45009999999999,7.180000000000001,7.17,31114.85,14999.998,14898.018505600001,2.074323333333333,0.9999998666666666,INTERNET_Auction_Results_rus_2018_20181226.xlsx,2018,
2018-06-06,26224RMFS,ОФЗ-ПД,,4004.0,15000.0,96.74000000000001,96.88550000000001,7.470000000000001,7.449999999999999,13867.976,11587.902,11226.99571972,0.9245317333333334,0.7725268,INTERNET_Auction_Results_rus_2018_20181226.xlsx,2018,
2018-06-13,52002RMFS,ОФЗ-ИН,,3521.0,10079.1,96.50999999999999,96.6452,2.94,2.92,13092.98775885,10079.09697627,9798.960882630001,1.2990234999999999,0.9999997,INTERNET_Auction_Results_rus_2018_20181226.xlsx,2018,
2018-06-13,25083RMFS,ОФЗ-ПД,,1281.0,10000.0,100.0,100.0429,7.12,7.109999999999999,18065.586,8887.754,9309.204477899999,1.8065586,0.8887754000000001,INTERNET_Auction_Results_rus_2018_20181226.xlsx,2018,
2018-06-20,29012RMFS,ОФЗ-ПК,,1610.0,10000.0,101.6355,101.7163,7.340000000000001,7.32,24760.039,7220.039,7386.334621429999,2.4760039000000003,0.7220038999999999,INTERNET_Auction_Results_rus_2018_20181226.xlsx,2018,
2018-06-27,26225RMFS,ОФЗ-ПД,,5796.0,10000.0,95.09,95.27250000000001,7.95,7.920000000000001,19247.534,9999.998,9582.847349270001,1.9247534,0.9999998,INTERNET_Auction_Results_rus_2018_20181226.xlsx,2018,
2018-06-27,26223RMFS,ОФЗ-ПД,,2072.0,10000.0,95.08,95.1438,7.720000000000001,7.71,43743.321,9999.998,9738.77385224,4.3743321,0.9999998,INTERNET_Auction_Results_rus_2018_20181226.xlsx,2018,
2018-07-04,25083RMFS,ОФЗ-ПД,,1260.0,15000.0,99.09,99.1204,7.430000000000001,7.42,53045.942,14999.999,14908.26447611,3.5363961333333336,0.9999999333333334,INTERNET_Auction_Results_rus_2018_20181226.xlsx,2018,
2018-07-04,26224RMFS,ОФЗ-ПД,,3976.0,15000.0,94.025,94.10119999999999,7.870000000000001,7.86,32156.416999999998,14999.998,14194.530770200001,2.1437611333333333,0.9999998666666666,INTERNET_Auction_Results_rus_2018_20181226.xlsx,2018,
2018-07-11,26223RMFS,ОФЗ-ПД,,2058.0,20000.0,95.65,95.7244,7.59,7.580000000000001,55602.113,19999.996,19643.48118648,2.78010565,0.9999998,INTERNET_Auction_Results_rus_2018_20181226.xlsx,2018,
2018-07-11,26225RMFS,ОФЗ-ПД,,5782.0,20000.0,96.0915,96.1738,7.829999999999999,7.82,55665.303,19999.996,19401.55571968,2.78326515,0.9999998,INTERNET_Auction_Results_rus_2018_20181226.xlsx,2018,
2018-07-18,25083RMFS,ОФЗ-ПД,,1246.0,20000.0,99.2,99.222,7.3999999999999995,7.39,52885.302,19999.997,19951.80281023,2.6442651,0.99999985,INTERNET_Auction_Results_rus_2018_20181226.xlsx,2018,
2018-07-18,26224RMFS,ОФЗ-ПД,,3962.0,20000.0,94.37219999999999,94.4624,7.82,7.8100000000000005,37431.02,19999.998,19051.27295687,1.8715509999999997,0.9999998999999999,INTERNET_Auction_Results_rus_2018_20181226.xlsx,2018,
2018-07-25,26223RMFS,ОФЗ-ПД,,2044.0,20000.0,95.2501,95.2888,7.7,7.6899999999999995,64383.934,20000.0,19606.168974,3.2191967,1.0,INTERNET_Auction_Results_rus_2018_20181226.xlsx,2018,
2018-07-25,52002RMFS,ОФЗ-ИН,,3479.0,15189.15,95.75,95.9361,3.04,3.02,18868.97474,15189.14898739,14702.97786367,1.2422666666666669,0.9999999333333333,INTERNET_Auction_Results_rus_2018_20181226.xlsx,2018,
2018-08-01,25083RMFS,ОФЗ-ПД,,1232.0,20000.0,98.988,99.03269999999999,7.470000000000001,7.46,38220.791,12930.674999999997,12909.68402109,1.91103955,0.6465337499999999,INTERNET_Auction_Results_rus_2018_20181226.xlsx,2018,
2018-08-01,26225RMFS,ОФЗ-ПД,,5761.0,15000.0,95.331,95.3908,7.920000000000001,7.91,34878.782,14999.995,14496.26371792,2.325252133333333,0.9999996666666667,INTERNET_Auction_Results_rus_2018_20181226.xlsx,2018,
2018-08-08,26223RMFS,ОФЗ-ПД,,2030.0,15000.0,94.04,94.0899,7.99,7.9799999999999995,26460.894,11023.342,10701.55969969,1.7640596,0.7348894666666667,INTERNET_Auction_Results_rus_2018_20181226.xlsx,2018,
2018-08-08,29012RMFS,ОФЗ-ПК,,1561.0,10000.0,100.1,100.1536,7.76,7.75,8085.000000000001,2085.0,2121.8544,0.8085000000000001,0.2085,INTERNET_Auction_Results_rus_2018_20181226.xlsx,2018,
2018-08-15,25083RMFS,ОФЗ-ПД,,1218.0,10000.0,97.1,97.1352,8.16,8.15,20140.019,5849.428,5744.67581337,2.0140019000000002,0.5849428,INTERNET_Auction_Results_rus_2018_20181226.xlsx,2018,
2018-08-29,25083RMFS,ОФЗ-ПД,,1204.0,15000.0,96.851,96.8979,8.260000000000002,8.25,24955.007,13218.986,12986.321620689998,1.6636671333333335,0.8812657333333334,INTERNET_Auction_Results_rus_2018_20181226.xlsx,2018,
2018-09-05,26223RMFS,ОФЗ-ПД,,2002.0,15000.0,,,,,36881.36,0.0,0.0,2.4587573333333332,0.0,INTERNET_Auction_Results_rus_2018_20181226.xlsx,2018,
2018-10-03,26223RMFS,ОФЗ-ПД,,1974.0,10000.0,92.9,92.9951,8.309999999999999,8.290000000000001,10750.356,7380.39,6900.2285059900005,1.0750355999999999,0.738039,INTERNET_Auction_Results_rus_2018_20181226.xlsx,2018,
2018-10-03,25083RMFS,ОФЗ-ПД,,1169.0,10000.0,,,,,9096.894,0.0,0.0,0.9096894,0.0,INTERNET_Auction_Results_rus_2018_20181226.xlsx,2018,
2018-10-10,25083RMFS,ОФЗ-ПД,,1162.0,5000.0,96.8808,96.90180000000001,8.290000000000001,8.28,21538.219,5000.0,4952.49185236,4.3076438,1.0,INTERNET_Auction_Results_rus_2018_20181226.xlsx,2018,
2018-10-17,26223RMFS,ОФЗ-ПД,,1960.0,10000.0,92.5111,92.5422,8.42,8.41,31116.888,10000.0,9329.01545,3.1116888,1.0,INTERNET_Auction_Results_rus_2018_20181226.xlsx,2018,
2018-10-24,26225RMFS,ОФЗ-ПД,,5677.0,10000.0,89.21,89.3294,8.690000000000001,8.68,9529.311,4186.291,3861.82735975,0.9529310999999999,0.41862910000000003,INTERNET_Auction_Results_rus_2018_20181226.xlsx,2018,
2018-10-24,26223RMFS,ОФЗ-ПД,,1953.0,10000.0,92.30000000000001,92.3539,8.48,8.469999999999999,25568.996,9999.996,9322.688404370001,2.5568996,0.9999995999999999,INTERNET_Auction_Results_rus_2018_20181226.xlsx,2018,
2018-10-31,25083RMFS,ОФЗ-ПД,,1141.0,15000.0,96.89999999999999,96.9319,8.3,8.290000000000001,22511.89,12161.443,12098.43073734,1.5007926666666667,0.8107628666666666,INTERNET_Auction_Results_rus_2018_20181226.xlsx,2018,
2018-10-31,26224RMFS,ОФЗ-ПД,,3857.0,5000.0,88.86,88.8998,8.7,8.690000000000001,14761.093,4999.999,4583.94033361,2.9522186,0.9999998,INTERNET_Auction_Results_rus_2018_20181226.xlsx,2018,
2018-11-07,26223RMFS,ОФЗ-ПД,,1939.0,10000.0,91.87100000000001,91.9067,8.6,8.59,12702.733,4702.441,4374.617620569999,1.2702733,0.4702441,INTERNET_Auction_Results_rus_2018_20181226.xlsx,2018,
2018-11-07,26224RMFS,ОФЗ-ПД,,3850.0,10000.0,88.49050000000001,88.60090000000001,8.76,8.75,8995.0,6535.0,5980.365,0.8995,0.6535,INTERNET_Auction_Results_rus_2018_20181226.xlsx,2018,
2018-11-14,29012RMFS,ОФЗ-ПК,,1463.0,5000.0,99.8,99.8,7.86,7.86,12214.778,5000.0,5173.4005,2.4429556,1.0,INTERNET_Auction_Results_rus_2018_20181226.xlsx,2018,
2018-11-14,25083RMFS,ОФЗ-ПД,,1127.0,5000.0,96.6,96.6052,8.44,8.43,17501.089,4999.998,4971.209204940001,3.5002178,0.9999995999999999,INTERNET_Auction_Results_rus_2018_20181226.xlsx,2018,
2018-11-21,26223RMFS,ОФЗ-ПД,,1925.0,10000.0,91.81,91.8456,8.63,8.62,25571.172,9999.998,9321.656986380001,2.5571172,0.9999998,INTERNET_Auction_Results_rus_2018_20181226.xlsx,2018,
2018-11-21,25083RMFS,ОФЗ-ПД,,1120.0,10000.0,96.8,96.8454,8.36,8.35,25510.16,9999.999,9979.84257821,2.551016,0.9999998999999999,INTERNET_Auction_Results_rus_2018_20181226.xlsx,2018,
2018-11-28,26223RMFS,ОФЗ-ПД,,1918.0,5000.0,91.511,91.5809,8.72,8.7,10663.081,4999.999,4653.84449993,2.1326162,0.9999998,INTERNET_Auction_Results_rus_2018_20181226.xlsx,2018,
2018-11-28,26214RMFS,ОФЗ-ПД,,546.0,5000.0,98.00999999999999,98.012,7.99,7.99,18108.535,4999.998,4900.5992598,3.621707,0.9999995999999999,INTERNET_Auction_Results_rus_2018_20181226.xlsx,2018,
2018-12-05,26224RMFS,ОФЗ-ПД,,3822.0,15000.0,88.01,88.1028,8.85,8.84,18859.16,14643.664,12902.38986614,1.2572773333333334,0.9762442666666667,INTERNET_Auction_Results_rus_2018_20181226.xlsx,2018,
2018-12-05,26223RMFS,ОФЗ-ПД,,1911.0,10000.0,92.001,92.0294,8.59,8.59,8391.702,5145.66,4818.932286019999,0.8391702,0.514566,INTERNET_Auction_Results_rus_2018_20181226.xlsx,2018,
2018-12-12,25083RMFS,ОФЗ-ПД,,1099.0,16179.013,96.86,96.89529999999999,8.36,8.35,40515.602,8886.172,8908.50533764,2.504207271481888,0.5492406737048793,INTERNET_Auction_Results_rus_2018_20181226.xlsx,2018,
2018-12-12,29012RMFS,ОФЗ-ПК,,1435.0,5000.0,99.65,99.6688,7.76,7.75,14123.462,4698.38,4703.11783964,2.8246924,0.9396760000000001,INTERNET_Auction_Results_rus_2018_20181226.xlsx,2018,
2018-12-19,26223RMFS,ОФЗ-ПД,,1897.0,10000.0,,,,,6666.968,0.0,0.0,0.6666968,0.0,INTERNET_Auction_Results_rus_2018_20181226.xlsx,2018,
2018-12-19,26214RMFS,ОФЗ-ПД,,525.0,10000.0,98.02,98.0473,8.03,8.01,12111.331,1144.797,1126.65502223,1.2111331,0.1144797,INTERNET_Auction_Results_rus_2018_20181226.xlsx,2018,
2018-12-19,52002RMFS,ОФЗ-ИН,,3332.0,5130.6,92.9,93.036,3.44,3.42,7504.71126936,2275.8756711600004,2137.03366189,1.4627356,0.44358860000000006,INTERNET_Auction_Results_rus_2018_20181226.xlsx,2018,
2018-12-26,25083RMFS,ОФЗ-ПД,,1085.0,7292.841,97.05,97.0554,8.3,8.3,19937.489,7292.841,7087.87053464,2.7338439162460832,1.0,INTERNET_Auction_Results_rus_2018_20181226.xlsx,2018,
,,,,,1164233.3889999941,,,,,2868349.7978714826,1035137.1123086247,1030711.3180304451,2.4637240479206843,0.8891147789514477,INTERNET_Auction_Results_rus_2018_20181226.xlsx,2018,
,,,,,,,,,,,,,,,INTERNET_Auction_Results_rus_2018_20181226.xlsx,2018,
,,,,,,,,,,,,,,,INTERNET_Auction_Results_rus_2019_20191218.xlsx,2019,
2019-01-16,26223RMFS,ОФЗ-ПД,,1869.0,15000.0,93.7,93.7527,8.18,8.17,33442.897000000004,14999.998,14418.10909059,0.448525676468758,,INTERNET_Auction_Results_rus_2019_20191218.xlsx,2019,
2019-01-16,26224RMFS,ОФЗ-ПД,,3780.0,15000.0,91.28399999999999,91.3598,8.33,8.32,31715.971,15000.0,13823.0725,0.47294784069515006,,INTERNET_Auction_Results_rus_2019_20191218.xlsx,2019,
2019-01-16,52002RMFS,ОФЗ-ИН,,3304.0,5142.45,93.96,93.992,3.3000000000000003,3.3000000000000003,18222.994603469997,5142.45,4887.741604,0.28219566058702455,,INTERNET_Auction_Results_rus_2019_20191218.xlsx,2019,
2019-01-23,26209RMFS,ОФЗ-ПД,,1274.0,20000.0,99.11,99.1639,8.05,8.04,16000.847,10017.006,9933.249111529998,0.6260297345509271,,INTERNET_Auction_Results_rus_2019_20191218.xlsx,2019,
2019-01-23,26225RMFS,ОФЗ-ПД,,5586.0,10000.0,90.91,91.0319,8.48,8.469999999999999,8137.067999999999,7487.025,6898.83499898,0.9201133627001765,,INTERNET_Auction_Results_rus_2019_20191218.xlsx,2019,
2019-01-30,26223RMFS,ОФЗ-ПД,,1855.0,15000.0,93.6015,93.6383,8.219999999999999,8.21,44995.702,15000.0,14438.441524,0.3333651734114516,,INTERNET_Auction_Results_rus_2019_20191218.xlsx,2019,
2019-01-30,26224RMFS,ОФЗ-ПД,,3766.0,10000.0,91.04100000000001,91.0835,8.37,8.36,41584.616,9999.999,9214.25147858,0.24047352030375846,,INTERNET_Auction_Results_rus_2019_20191218.xlsx,2019,
2019-02-06,26226RMFS,ОФЗ-ПД,,2800.0,20000.0,100.02,100.10719999999999,8.110000000000001,8.09,54995.226,19999.998,20234.841326510003,0.3636678936458957,,INTERNET_Auction_Results_rus_2019_20191218.xlsx,2019,
2019-02-06,26225RMFS,ОФЗ-ПД,,5572.0,15000.0,91.86,92.11240000000001,8.36,8.33,15568.685,15000.0,14025.3543,0.9634725090783197,,INTERNET_Auction_Results_rus_2019_20191218.xlsx,2019,
2019-02-13,26223RMFS,ОФЗ-ПД,,1841.0,96748.167,94.0,94.0399,8.12,8.110000000000001,54341.221,38098.939,36920.501895040004,0.7011056854979391,,INTERNET_Auction_Results_rus_2019_20191218.xlsx,2019,
2019-02-13,26224RMFS,ОФЗ-ПД,,3752.0,205785.908,91.03999999999999,91.0428,8.37,8.37,30544.491,3886.503,3589.7990279699998,0.1272407191201844,,INTERNET_Auction_Results_rus_2019_20191218.xlsx,2019,
2019-02-20,26226RMFS,ОФЗ-ПД,,2786.0,330000.0,98.41,98.4368,8.4,8.4,32019.674000000003,9690.913,9672.386234354,0.30265495520035585,,INTERNET_Auction_Results_rus_2019_20191218.xlsx,2019,
2019-02-20,26209RMFS,ОФЗ-ПД,,1246.0,93864.809,99.005,99.0663,8.09,8.07,42624.085,18626.666,18561.33458234,0.4369986124042311,,INTERNET_Auction_Results_rus_2019_20191218.xlsx,2019,
2019-02-20,52002RMFS,ОФЗ-ИН,,3269.0,5169.1,94.45,94.65249999999999,3.2399999999999998,3.2199999999999998,10629.13452294,4568.62943086,4326.5314465599995,0.4298213952415314,,INTERNET_Auction_Results_rus_2019_20191218.xlsx,2019,
2019-02-27,26223RMFS,ОФЗ-ПД,,1827.0,58649.228,93.592,93.65440000000001,8.24,8.23,46711.706,35106.145,33972.363309290005,0.751549194114212,,INTERNET_Auction_Results_rus_2019_20191218.xlsx,2019,
2019-02-27,26224RMFS,ОФЗ-ПД,,3738.0,201899.405,90.503,90.5902,8.459999999999999,8.450000000000001,29003.041,22493.091,20733.72975616,0.775542502594814,,INTERNET_Auction_Results_rus_2019_20191218.xlsx,2019,
2019-03-06,26226RMFS,ОФЗ-ПД,,2772.0,320309.087,98.412,98.5371,8.4,8.38,46843.106,29004.489,29066.593905609996,0.6191837279107838,,INTERNET_Auction_Results_rus_2019_20191218.xlsx,2019,
2019-03-06,26225RMFS,ОФЗ-ПД,,5544.0,208326.684,90.25,90.3273,8.57,8.559999999999999,23527.865,17403.745,16059.17685755,0.7397077890407819,,INTERNET_Auction_Results_rus_2019_20191218.xlsx,2019,
2019-03-13,26209RMFS,ОФЗ-ПД,,1225.0,75238.143,99.21,99.2624,8.02,8.0,61491.948,34717.74,34815.78166943,0.5645900175418089,,INTERNET_Auction_Results_rus_2019_20191218.xlsx,2019,
2019-03-13,26224RMFS,ОФЗ-ПД,,3724.0,179406.314,90.41,90.4952,8.48,8.469999999999999,83548.06,56716.429,52376.62270589,0.6788479469182168,,INTERNET_Auction_Results_rus_2019_20191218.xlsx,2019,
2019-03-20,26226RMFS,ОФЗ-ПД,,2758.0,291304.598,98.95,99.0483,8.3,8.290000000000001,73310.217,61374.871,62007.20616489,0.8371939616547581,,INTERNET_Auction_Results_rus_2019_20191218.xlsx,2019,
2019-03-20,26225RMFS,ОФЗ-ПД,,5530.0,190922.939,91.01,91.0443,8.469999999999999,8.469999999999999,17394.828,10543.657,9833.99559131,0.6061374679876109,,INTERNET_Auction_Results_rus_2019_20191218.xlsx,2019,
2019-03-20,52002RMFS,ОФЗ-ИН,,3241.0,5204.0,94.1999,94.2339,3.2800000000000002,3.2800000000000002,12974.904224,1588.552224,1500.7705133,0.12243267438241401,,INTERNET_Auction_Results_rus_2019_20191218.xlsx,2019,
2019-03-27,26227RMFS,ОФЗ-ПД,,1939.0,400000.0,97.72999999999999,97.8046,8.09,8.08,43836.09,21403.282,20933.40000297,0.4882570959225606,,INTERNET_Auction_Results_rus_2019_20191218.xlsx,2019,
2019-03-27,26224RMFS,ОФЗ-ПД,,3710.0,122689.885,91.41,91.5484,8.32,8.3,41520.775,35925.351,33649.97184885,0.8652379682219323,,INTERNET_Auction_Results_rus_2019_20191218.xlsx,2019,
2019-04-03,26209RMFS,ОФЗ-ПД,,1204.0,40520.403,99.16,99.1899,8.04,8.03,64410.50699999999,34969.733,35196.30385374,0.5429196978685481,,INTERNET_Auction_Results_rus_2019_20191218.xlsx,2019,
2019-04-03,26226RMFS,ОФЗ-ПД,,2744.0,229929.727,98.53,98.5766,8.38,8.38,81471.985,48081.015,48496.2511705,0.5901539651942934,,INTERNET_Auction_Results_rus_2019_20191218.xlsx,2019,
2019-04-10,26224RMFS,ОФЗ-ПД,,3696.0,86764.534,91.25999999999999,91.33590000000001,8.35,8.34,109581.748,86764.511,81313.86311253,0.7917788553619348,,INTERNET_Auction_Results_rus_2019_20191218.xlsx,2019,
2019-04-10,26227RMFS,ОФЗ-ПД,,1925.0,378596.718,97.53399999999999,97.5929,8.14,8.129999999999999,82629.887,50372.67,49303.19666961,0.6096180429243476,,INTERNET_Auction_Results_rus_2019_20191218.xlsx,2019,
2019-04-17,26226RMFS,ОФЗ-ПД,,2730.0,181848.712,99.3255,99.3706,8.23,8.23,132132.005,85117.06,84581.31799361,0.6441820057146639,,INTERNET_Auction_Results_rus_2019_20191218.xlsx,2019,
2019-04-17,26225RMFS,ОФЗ-ПД,,5502.0,180379.282,90.6487,90.7483,8.52,8.51,49562.081,39507.199,36950.801110119995,0.7971255081077003,,INTERNET_Auction_Results_rus_2019_20191218.xlsx,2019,
2019-04-17,52002RMFS,ОФЗ-ИН,,3213.0,5248.95,,,,,3201.8595,0.0,0.0,0.0,,INTERNET_Auction_Results_rus_2019_20191218.xlsx,2019,
2019-04-24,26228RMFS,ОФЗ-ПД,,4004.0,450000.0,95.85000000000001,95.8852,8.4,8.4,39338.146,4600.941,4411.62127975,0.11695876567238322,,INTERNET_Auction_Results_rus_2019_20191218.xlsx,2019,
2019-04-24,26227RMFS,ОФЗ-ПД,,1911.0,328224.048,97.5433,97.586,8.14,8.129999999999999,91829.961,54387.099,53383.09802959,0.5922587618217545,,INTERNET_Auction_Results_rus_2019_20191218.xlsx,2019,
2019-05-08,26226RMFS,ОФЗ-ПД,,2709.0,96731.652,99.6385,99.68169999999999,8.17,8.17,115626.681,73318.219,73419.89285578,0.6340942969728587,,INTERNET_Auction_Results_rus_2019_20191218.xlsx,2019,
2019-05-08,26209RMFS,ОФЗ-ПД,,1169.0,150000.0,99.61,99.6127,7.88,7.88,70184.162,25989.395,26457.12674182,0.37030284695854887,,INTERNET_Auction_Results_rus_2019_20191218.xlsx,2019,
2019-05-15,26227RMFS,ОФЗ-ПД,,1890.0,273836.949,97.9965,98.0155,8.03,8.03,183692.429,94743.028,93804.59288288001,0.5157699123244759,,INTERNET_Auction_Results_rus_2019_20191218.xlsx,2019,
2019-05-15,26225RMFS,ОФЗ-ПД,,5474.0,140872.083,91.37,91.461,8.43,8.42,51495.346,38341.734,36347.20571871,0.7445669750427543,,INTERNET_Auction_Results_rus_2019_20191218.xlsx,2019,
2019-05-15,52002RMFS,ОФЗ-ИН,,3185.0,5284.2,92.45,92.4995,3.54,3.54,3927.82300932,1660.71731916,1546.51081214,0.4228085927546694,,INTERNET_Auction_Results_rus_2019_20191218.xlsx,2019,
2019-05-22,26227RMFS,ОФЗ-ПД,,1883.0,179093.921,99.3619,99.3768,7.6899999999999995,7.6899999999999995,162017.999,72996.401,73370.72574434998,0.4505450101256959,,INTERNET_Auction_Results_rus_2019_20191218.xlsx,2019,
2019-05-22,26228RMFS,ОФЗ-ПД,,3976.0,445399.059,99.13499999999999,99.2395,7.920000000000001,7.91,79468.473,23269.575,23229.202287430002,0.2928151771583682,,INTERNET_Auction_Results_rus_2019_20191218.xlsx,2019,
2019-05-29,26209RMFS,ОФЗ-ПД,,1148.0,124010.605,100.22569999999999,100.2442,7.6499999999999995,7.6499999999999995,70631.953,17589.621,18094.125446259997,0.2490320634345195,,INTERNET_Auction_Results_rus_2019_20191218.xlsx,2019,
2019-05-29,26225RMFS,ОФЗ-ПД,,5460.0,102530.349,93.1717,93.2517,8.2,8.19,37808.783,27892.474,26010.21120107,0.7377247239087277,,INTERNET_Auction_Results_rus_2019_20191218.xlsx,2019,
2019-06-05,26227RMFS,ОФЗ-ПД,,1869.0,106097.52,99.57000000000001,99.5751,7.64,7.64,112513.484,47487.044,47959.11410436,0.4220564710270638,,INTERNET_Auction_Results_rus_2019_20191218.xlsx,2019,
2019-06-05,26229RMFS,ОФЗ-ПД,,2352.0,20000.0,97.78,97.8126,7.739999999999999,7.7299999999999995,54699.507,20000.0,19562.52395,0.3656340083650114,,INTERNET_Auction_Results_rus_2019_20191218.xlsx,2019,
2019-06-19,26230RMFS,ОФЗ-ПД,,7210.0,20000.0,101.45679999999999,101.6161,7.7,7.68,70765.525,19999.996,20382.21181756,0.2826234384610303,,INTERNET_Auction_Results_rus_2019_20191218.xlsx,2019,
2019-06-19,52002RMFS,ОФЗ-ИН,,3150.0,5306.95,92.25,92.267,3.58,3.58,14979.25696652,2847.42067192,2651.80257081,0.1900909156097825,,INTERNET_Auction_Results_rus_2019_20191218.xlsx,2019,
2019-06-26,26228RMFS,ОФЗ-ПД,,3941.0,20000.0,102.28120000000001,102.35019999999999,7.470000000000001,7.46,46568.182,18387.714,19062.76075637,0.39485574077167107,,INTERNET_Auction_Results_rus_2019_20191218.xlsx,2019,
2019-07-03,26225RMFS,ОФЗ-ПД,,5425.0,20000.0,98.585,98.6688,7.539999999999999,7.539999999999999,26945.432,14572.403,14479.68690602,0.5408116299638469,,INTERNET_Auction_Results_rus_2019_20191218.xlsx,2019,
2019-07-10,26229RMFS,ОФЗ-ПД,,2317.0,20000.0,99.96000000000001,99.97890000000001,7.28,7.28,51994.493,15648.155,15752.196982610001,0.3009579302946564,,INTERNET_Auction_Results_rus_2019_20191218.xlsx,2019,
2019-07-17,26228RMFS,ОФЗ-ПД,,3920.0,20000.0,102.6991,102.73430000000002,7.41,7.41,26858.617,10193.285,10651.50524061,0.37951637643889113,,INTERNET_Auction_Results_rus_2019_20191218.xlsx,2019,
2019-07-17,52002RMFS,ОФЗ-ИН,,3122.0,5321.5,93.34,93.345,3.4300000000000006,3.4300000000000006,19065.3604003,5321.4989356999995,5023.5031703,0.2791187170852676,,INTERNET_Auction_Results_rus_2019_20191218.xlsx,2019,
2019-07-24,26230RMFS,ОФЗ-ПД,,7175.0,20000.0,103.52,103.7016,7.489999999999999,7.48,35276.618,19999.986,20947.10232096,0.5669473757376629,,INTERNET_Auction_Results_rus_2019_20191218.xlsx,2019,
2019-07-31,26229RMFS,ОФЗ-ПД,,2296.0,20000.0,100.35099999999998,100.4032,7.199999999999999,7.19,30025.586,19788.391,20085.25141178,0.6590509507458072,,INTERNET_Auction_Results_rus_2019_20191218.xlsx,2019,
2019-08-07,26227RMFS,ОФЗ-ПД,,1806.0,20000.0,101.631,101.636,7.13,7.13,59111.938,19999.993,20383.992865599997,0.3383410132822916,,INTERNET_Auction_Results_rus_2019_20191218.xlsx,2019,
2019-08-14,26229RMFS,ОФЗ-ПД,,2282.0,20000.0,100.41,100.4624,7.19,7.180000000000001,47011.15,19999.997,20366.671995,0.4254309243658153,,INTERNET_Auction_Results_rus_2019_20191218.xlsx,2019,
2019-08-21,26228RMFS,ОФЗ-ПД,,3885.0,20000.0,103.4915,103.5178,7.3,7.3,46450.121,19999.996,21202.35940954,0.4305692981940779,,INTERNET_Auction_Results_rus_2019_20191218.xlsx,2019,
2019-08-21,52002RMFS,ОФЗ-ИН,,3087.0,5340.650000000001,92.67,92.6805,3.54,3.54,19848.90811554,5340.64893187,4952.28906466,0.26906512442811537,,INTERNET_Auction_Results_rus_2019_20191218.xlsx,2019,
2019-08-28,26227RMFS,ОФЗ-ПД,,1785.0,10000.0,102.15,102.15,6.99,6.99,38351.172,9999.996,10285.995885600001,0.2607481200313774,,INTERNET_Auction_Results_rus_2019_20191218.xlsx,2019,
2019-08-28,24020RMFS,ОФЗ-ПК,,1064.0,10000.0,100.0116,100.18400000000001,,,113399.178,9999.993,10031.892677670001,0.08818399900570709,,INTERNET_Auction_Results_rus_2019_20191218.xlsx,2019,
2019-09-04,26230RMFS,ОФЗ-ПД,,7133.0,20000.0,105.5755,105.6044,7.290000000000001,7.290000000000001,61139.342,19999.979,21504.85721986,0.3271212666960008,,INTERNET_Auction_Results_rus_2019_20191218.xlsx,2019,
2019-09-11,26229RMFS,ОФЗ-ПД,,2254.0,20000.0,101.734,101.7628,6.909999999999999,6.909999999999999,37818.769,14550.018,15085.8674189,0.3847300793952336,,INTERNET_Auction_Results_rus_2019_20191218.xlsx,2019,
2019-09-18,26225RMFS,ОФЗ-ПД,,5348.0,20000.0,100.5618,100.63660000000002,7.31,7.31,28566.305,18160.67,18680.36248496,0.6357374536188701,,INTERNET_Auction_Results_rus_2019_20191218.xlsx,2019,
2019-09-18,52002RMFS,ОФЗ-ИН,,3059.0,5348.650000000001,92.915,93.007,3.51,3.5000000000000004,19540.324669349997,5348.64786054,4987.41691053,0.27372359216372844,,INTERNET_Auction_Results_rus_2019_20191218.xlsx,2019,
2019-09-25,26229RMFS,ОФЗ-ПД,,2240.0,360013.439,101.801,101.801,6.9,6.9,84849.093,17364.238,18057.939308099998,0.20464848103915503,,INTERNET_Auction_Results_rus_2019_20191218.xlsx,2019,
2019-09-25,24020RMFS,ОФЗ-ПК,,1036.0,90000.007,100.31000000000002,100.3277,,,165874.905,15054.425,15204.32379973,0.09075770081074047,,INTERNET_Auction_Results_rus_2019_20191218.xlsx,2019,
2019-10-02,26228RMFS,ОФЗ-ПД,,3843.0,373548.489,104.97099999999999,104.97099999999999,7.1,7.1,45220.015,21061.32,22819.097767199997,0.46575216748601256,,INTERNET_Auction_Results_rus_2019_20191218.xlsx,2019,
2019-10-09,26225RMFS,ОФЗ-ПД,,5327.0,41904.802,102.3515,102.36559999999999,7.109999999999999,7.109999999999999,79764.793,41904.788,44003.2088639,0.5253544380162811,,INTERNET_Auction_Results_rus_2019_20191218.xlsx,2019,
2019-10-09,24020RMFS,ОФЗ-ПК,,1022.0,74945.582,100.27,100.2707,,,49298.779,10506.357,10632.298243599998,0.21311596784171874,,INTERNET_Auction_Results_rus_2019_20191218.xlsx,2019,
2019-10-16,26230RMFS,ОФЗ-ПД,,7091.0,240000.039,109.31,109.31,6.94,6.94,46024.511,29615.565,32416.605137700004,0.6434737568423051,,INTERNET_Auction_Results_rus_2019_20191218.xlsx,2019,
2019-10-16,52002RMFS,ОФЗ-ИН,,3031.0,5354.650000000001,93.285,93.3265,3.47,3.46,20037.1003,5354.65,5020.404754939999,0.2672367717797969,,INTERNET_Auction_Results_rus_2019_20191218.xlsx,2019,
2019-10-23,26228RMFS,ОФЗ-ПД,,3822.0,30000.0,109.53,109.57440000000001,6.49,6.49,79630.345,29999.999,32872.308904699996,0.3767407889542611,,INTERNET_Auction_Results_rus_2019_20191218.xlsx,2019,
2019-10-30,26229RMFS,ОФЗ-ПД,,2205.0,20000.0,105.001,105.04050000000001,6.239999999999999,6.23,34255.89,19999.992,21584.089061379997,0.5838409686626154,,INTERNET_Auction_Results_rus_2019_20191218.xlsx,2019,
2019-10-30,24020RMFS,ОФЗ-ПК,,1001.0,64439.22499999999,100.25,100.2501,,,59098.203,33335.27,33418.6411552651,0.5640657127933314,,INTERNET_Auction_Results_rus_2019_20191218.xlsx,2019,
2019-11-06,26230RMFS,ОФЗ-ПД,,7070.0,210384.474,112.305,112.4149,6.67,6.67,23611.658,17711.402,20014.92910003,0.750112592686206,,INTERNET_Auction_Results_rus_2019_20191218.xlsx,2019,
2019-11-13,26229RMFS,ОФЗ-ПД,,2191.0,322649.209,,,,,13606.293,0.0,0.0,0.0,,INTERNET_Auction_Results_rus_2019_20191218.xlsx,2019,
2019-11-13,52002RMFS,ОФЗ-ИН,,3003.0,40248.95802695,93.905,94.01429999999999,3.38,3.37,83698.03138745,40248.95588505,38090.81698527,0.48088294572583085,,INTERNET_Auction_Results_rus_2019_20191218.xlsx,2019,
2019-11-20,24020RMFS,ОФЗ-ПК,,980.0,31103.955,100.265,100.2837,,,61001.572,31103.949,31308.51377756,0.5098876632228428,,INTERNET_Auction_Results_rus_2019_20191218.xlsx,2019,
2019-11-27,26223RMFS,ОФЗ-ПД,,1554.0,23543.083,101.64999999999999,101.7052,6.14,6.13,17792.845,12965.908,13380.977361899999,0.7287147165054266,,INTERNET_Auction_Results_rus_2019_20191218.xlsx,2019,
2019-12-04,52002RMFS,ОФЗ-ИН,,2982.0,106926.0,96.115,96.2306,3.06,3.05,69415.80104628,29956.38816,29056.94390623,0.43154998874143746,,INTERNET_Auction_Results_rus_2019_20191218.xlsx,2019,
2019-12-04,26228RMFS,ОФЗ-ПД,,3780.0,322487.17,109.65,109.7039,6.460000000000001,6.460000000000001,19627.672,13202.125,14599.426037879999,0.6726281649703542,,INTERNET_Auction_Results_rus_2019_20191218.xlsx,2019,
2019-12-11,26232RMFS,ОФЗ-ПД,,2856.0,450000.0,98.322,98.3934,6.370000000000001,6.36,55994.369,25983.19,25595.61772396,0.46403219580883215,,INTERNET_Auction_Results_rus_2019_20191218.xlsx,2019,
2019-12-18,26227RMFS,ОФЗ-ПД,,1673.0,28610.48,105.44,105.5056,6.11,6.1,49273.165,26724.693,28992.43849865,0.5423782499053998,,INTERNET_Auction_Results_rus_2019_20191218.xlsx,2019,
2019-12-18,26230RMFS,ОФЗ-ПД,,7028.0,192673.072,112.61149999999999,112.7202,6.64,6.63,41691.463,29482.76,33668.48280693,0.7071653973860307,,INTERNET_Auction_Results_rus_2019_20191218.xlsx,2019,
,,,,,9766179.813026948,,,,,4404692.753745163,2082618.6784191085,2076586.536714218,0.4728181498353835,,INTERNET_Auction_Results_rus_2019_20191218.xlsx,2019,
,,,,,,,,,,,,,,,INTERNET_Auction_Results_rus_2019_20191218.xlsx,2019,
,,,,,,,,,,,,,,,INTERNET_Auction_Results_rus_2020_20201223.xlsx,2020,
2020-01-15,26230RMFS,ОФЗ-ПД,,7000.0,163190.312,115.1327,115.2812,6.419999999999999,6.41,54886.63,42787.842,50210.77346084,0.7795676652037117,,INTERNET_Auction_Results_rus_2020_20201223.xlsx,2020,
2020-01-15,26232RMFS,ОФЗ-ПД,,2821.0,424016.81,99.6411,99.6813,6.15,6.14,31735.378,16594.262,16655.87097341,0.5228947328120686,,INTERNET_Auction_Results_rus_2020_20201223.xlsx,2020,
2020-01-22,26229RMFS,ОФЗ-ПД,,2121.0,322649.209,106.15,106.15,5.970000000000001,5.970000000000001,98798.913,58419.004,62732.66325536,0.5912919709956728,,INTERNET_Auction_Results_rus_2020_20201223.xlsx,2020,
2020-01-22,52002RMFS,ОФЗ-ИН,,2933.0,76925.7016,97.78999999999999,98.0984,2.83,2.78,50376.20481465,26743.70896175,26529.94565273,0.5308797885856739,,INTERNET_Auction_Results_rus_2020_20201223.xlsx,2020,
2020-01-29,24021RMFS,ОФЗ-ПК,,1547.0,300000.0,100.44999999999999,100.5065954876669,,,171603.374,35094.129,35271.91427395,0.20450722023682355,,INTERNET_Auction_Results_rus_2020_20201223.xlsx,2020,
2020-01-29,26226RMFS,ОФЗ-ПД,,2443.0,23413.435,110.74,110.75500000000001,6.07,6.06,72331.402,23413.432,26467.01180144,0.32369664284953303,,INTERNET_Auction_Results_rus_2020_20201223.xlsx,2020,
2020-02-05,26228RMFS,ОФЗ-ПД,,3717.0,309285.045,111.3,111.3826,6.23,6.22,79961.46,53821.308,61132.17309149,0.6730906114020428,,INTERNET_Auction_Results_rus_2020_20201223.xlsx,2020,
2020-02-05,24021RMFS,ОФЗ-ПК,,1540.0,264905.871,100.81,100.85260000000001,,,110589.848,62372.089,62976.239054050006,0.5639947077239856,,INTERNET_Auction_Results_rus_2020_20201223.xlsx,2020,
2020-02-12,26230RMFS,ОФЗ-ПД,,6972.0,120402.47,115.576,115.6793,6.38,6.38,71005.049,58447.2,69164.84800663001,0.8231414642077072,,INTERNET_Auction_Results_rus_2020_20201223.xlsx,2020,
2020-02-12,26232RMFS,ОФЗ-ПД,,2793.0,407422.548,100.50379999999998,100.54190000000001,6.0,6.0,106892.131,63495.817,64570.7327521,0.5940176924716751,,INTERNET_Auction_Results_rus_2020_20201223.xlsx,2020,
2020-02-19,25084RMFS,ОФЗ-ПД,,1323.0,400000.0,99.35000000000001,99.395,5.57,5.56,64430.626,20321.109,20198.162630550003,0.31539518178823844,,INTERNET_Auction_Results_rus_2020_20201223.xlsx,2020,
2020-02-19,26228RMFS,ОФЗ-ПД,,3703.0,20000.0,113.05000000000001,113.0685,6.01,6.01,60812.049,19999.994,23112.49696628,0.3288820937442841,,INTERNET_Auction_Results_rus_2020_20201223.xlsx,2020,
2020-02-19,52002RMFS,ОФЗ-ИН,,2905.0,10709.8,99.41,99.42360000000001,2.6,2.6,35478.460487020006,10709.79571608,10653.16957672,0.3018675435479575,,INTERNET_Auction_Results_rus_2020_20201223.xlsx,2020,
2020-02-26,26229RMFS,ОФЗ-ПД,,2086.0,264230.205,106.6211,106.69870000000002,5.85,5.84,13302.161,9081.715,9864.44048071,0.6827247843414315,,INTERNET_Auction_Results_rus_2020_20201223.xlsx,2020,
2020-04-08,29013RMFS,ОФЗ-ПК,,3815.0,450000.0,,,,,9275.912,0.0,0.0,0.0,,INTERNET_Auction_Results_rus_2020_20201223.xlsx,2020,
2020-04-08,25084RMFS,ОФЗ-ПД,,1274.0,20000.0,96.7,96.7491,6.460000000000001,6.45,50107.425,16465.401,16047.190880010001,0.32860201856311716,,INTERNET_Auction_Results_rus_2020_20201223.xlsx,2020,
2020-04-08,52002RMFS,ОФЗ-ИН,,2856.0,10769.8,96.7,96.7926,3.0,2.98,10332.7184368,5556.8721663999995,5399.9498269,0.5377938245766174,,INTERNET_Auction_Results_rus_2020_20201223.xlsx,2020,
2020-04-15,26229RMFS,ОФЗ-ПД,,2037.0,255148.49,103.1,103.1851,6.58,6.5600000000000005,68230.64499999999,34804.763,36915.35732832,0.510104557856664,,INTERNET_Auction_Results_rus_2020_20201223.xlsx,2020,
2020-04-15,26228RMFS,ОФЗ-ПД,,3647.0,235463.743,106.89999999999999,107.08819999999999,6.800000000000001,6.78,77365.922,62110.936,68791.70017577,0.8028203425275536,,INTERNET_Auction_Results_rus_2020_20201223.xlsx,2020,
2020-04-22,26229RMFS,ОФЗ-ПД,,2030.0,220343.727,105.72,105.84849999999999,6.01,5.99,141246.086,86666.766,94350.2238708,0.6135870271123831,,INTERNET_Auction_Results_rus_2020_20201223.xlsx,2020,
2020-04-22,24021RMFS,ОФЗ-ПК,,1463.0,202533.782,,,,,22760.448,0.0,0.0,0.0,,INTERNET_Auction_Results_rus_2020_20201223.xlsx,2020,
2020-04-29,26232RMFS,ОФЗ-ПД,,2716.0,343926.731,100.8408,101.0359,5.94,5.91,65660.094,60310.793,61074.266025619996,0.9185304090487595,,INTERNET_Auction_Results_rus_2020_20201223.xlsx,2020,
2020-04-29,25084RMFS,ОФЗ-ПД,,1253.0,363213.49,99.46,99.4886,5.54,5.53,123786.356,72777.388,73144.63809985001,0.5879273803002975,,INTERNET_Auction_Results_rus_2020_20201223.xlsx,2020,
2020-05-13,26229RMFS,ОФЗ-ПД,,2009.0,133676.961,108.47,108.54729999999999,5.42,5.41,141855.466,91878.991,102881.78729181,0.6476944004399521,,INTERNET_Auction_Results_rus_2020_20201223.xlsx,2020,
2020-05-13,26233RMFS,ОФЗ-ПД,,5544.0,450000.0,100.07999999999998,100.312,6.18,6.16,60280.674,36215.792,36837.25239072,0.6007861159614771,,INTERNET_Auction_Results_rus_2020_20201223.xlsx,2020,
2020-05-20,26232RMFS,ОФЗ-ПД,,2695.0,283615.938,104.807,104.9341,5.27,5.25,149332.769,111963.824,118132.03664556002,0.749760583358633,,INTERNET_Auction_Results_rus_2020_20201223.xlsx,2020,
2020-05-20,26230RMFS,ОФЗ-ПД,,6874.0,61955.27,121.96000000000001,122.21869999999998,5.8500000000000005,5.83,57855.13,46798.566,57611.23399529,0.8088922451647762,,INTERNET_Auction_Results_rus_2020_20201223.xlsx,2020,
2020-05-20,52002RMFS,ОФЗ-ИН,,2814.0,10824.400000000001,100.25,100.3094,2.48,2.4699999999999998,29158.745988759998,10824.39567024,10930.58815718,0.3712229488336894,,INTERNET_Auction_Results_rus_2020_20201223.xlsx,2020,
2020-05-27,25084RMFS,ОФЗ-ПД,,1225.0,290436.102,101.7251,101.7876,4.79,4.77,68881.457,41912.354,43257.99203753,0.6084707819115963,,INTERNET_Auction_Results_rus_2020_20201223.xlsx,2020,
2020-05-27,26228RMFS,ОФЗ-ПД,,3605.0,173352.807,116.304,116.46799999999999,5.56,5.54,39907.647,36398.072,42659.26920044,0.9120575813452495,,INTERNET_Auction_Results_rus_2020_20201223.xlsx,2020,
2020-06-03,26229RMFS,ОФЗ-ПД,,1988.0,41797.97,109.89999999999999,109.94619999999999,5.11,5.1,73159.465,41797.961,46069.80477514,0.5713267722775174,,INTERNET_Auction_Results_rus_2020_20201223.xlsx,2020,
2020-06-03,26232RMFS,ОФЗ-ПД,,2681.0,171652.114,104.36510000000001,104.48960000000001,5.34,5.319999999999999,70202.465,51507.804,54235.42731960999,0.733703638469105,,INTERNET_Auction_Results_rus_2020_20201223.xlsx,2020,
2020-06-03,26233RMFS,ОФЗ-ПД,,5523.0,413784.208,103.0,103.12870000000001,5.88,5.87,17606.564,15199.615,15941.921427770001,0.8632925197670597,,INTERNET_Auction_Results_rus_2020_20201223.xlsx,2020,
2020-06-10,26234RMFS,ОФЗ-ПД,,1862.0,500000.0,97.1993,97.2763,5.19,5.18,83888.572,49337.044,48035.6795054,0.5881259249472026,,INTERNET_Auction_Results_rus_2020_20201223.xlsx,2020,
2020-06-10,24021RMFS,ОФЗ-ПК,,1414.0,202533.782,100.0,100.0032,,,154050.172,3948.706,3973.7088064,0.025632597151530608,,INTERNET_Auction_Results_rus_2020_20201223.xlsx,2020,
2020-06-17,26234RMFS,ОФЗ-ПД,,1855.0,450662.956,97.59,97.7255,5.1,5.07,166698.222,100826.01,98707.13747013,0.6048415441407646,,INTERNET_Auction_Results_rus_2020_20201223.xlsx,2020,
2020-06-17,26228RMFS,ОФЗ-ПД,,3584.0,136954.735,115.99010000000001,116.0923,5.59,5.58,59356.28,50269.778,58949.51520883,0.8469159118462275,,INTERNET_Auction_Results_rus_2020_20201223.xlsx,2020,
2020-06-17,52002RMFS,ОФЗ-ИН,,2786.0,10869.7,100.1101,100.172,2.5,2.4899999999999998,16224.11422,10777.985819279998,10889.53009227,0.6643189066059225,,INTERNET_Auction_Results_rus_2020_20201223.xlsx,2020,
2020-06-23,26232RMFS,ОФЗ-ПД,,2661.0,120144.31,104.2738,104.34050000000002,5.35,5.34,41894.291,29537.728,31154.76360438,0.7050537745107084,,INTERNET_Auction_Results_rus_2020_20201223.xlsx,2020,
2020-06-23,26233RMFS,ОФЗ-ПД,,5503.0,398584.593,102.1,102.28120000000001,5.97,5.96,13970.403,9052.742,9448.36594989,0.6479943348806759,,INTERNET_Auction_Results_rus_2020_20201223.xlsx,2020,
2020-06-30,26234RMFS,ОФЗ-ПД,,1842.0,50000.0,97.312,97.3475,5.17,5.17,20403.819,11356.269,11092.8615823,0.5565756587038927,,INTERNET_Auction_Results_rus_2020_20201223.xlsx,2020,
2020-06-30,24021RMFS,ОФЗ-ПК,,1394.0,198585.076,99.25,99.3982,,,133873.276,16633.712,16683.81210055,0.12424968221439504,,INTERNET_Auction_Results_rus_2020_20201223.xlsx,2020,
2020-07-08,29014RMFS,ОФЗ-ПК,,2086.0,450000.0,98.5,98.565,,,264846.787,64319.473,63451.82507423,0.24285540228207486,,INTERNET_Auction_Results_rus_2020_20201223.xlsx,2020,
2020-07-15,24021RMFS,ОФЗ-ПК,,1379.0,50000.0,99.00999999999999,99.0795,,,188834.785,49999.995,50079.7664955,0.264781697927106,,INTERNET_Auction_Results_rus_2020_20201223.xlsx,2020,
2020-07-15,26228RMFS,ОФЗ-ПД,,3556.0,50000.0,113.92599999999999,114.04799999999999,5.84,5.83,31380.041,23006.082,26643.11098797,0.7331437839740235,,INTERNET_Auction_Results_rus_2020_20201223.xlsx,2020,
2020-07-22,26232RMFS,ОФЗ-ПД,,2632.0,90606.582,103.47,103.6072,5.48,5.46,54433.79,47491.957,49970.18060257,0.872471988446882,,INTERNET_Auction_Results_rus_2020_20201223.xlsx,2020,
2020-07-22,52002RMFS,ОФЗ-ИН,,2751.0,13022.82722328,99.2,99.4468,2.63,2.6,24324.820040079998,13022.82612736,13094.44611708,0.5353719413299788,,INTERNET_Auction_Results_rus_2020_20201223.xlsx,2020,
2020-07-29,29014RMFS,ОФЗ-ПК,,2065.0,385680.527,98.3,98.42530000000001,,,192746.011,19166.785,18927.44835571,0.09944063122530718,,INTERNET_Auction_Results_rus_2020_20201223.xlsx,2020,
2020-07-29,26234RMFS,ОФЗ-ПД,,1813.0,30000.0,97.7,97.7229,5.09,5.08,19617.31,8576.000000000002,8439.88981,0.4371649323989885,,INTERNET_Auction_Results_rus_2020_20201223.xlsx,2020,
2020-08-05,29014RMFS,ОФЗ-ПК,,2058.0,366513.742,97.96000000000001,98.03880000000001,,,265736.126,63690.623,62698.191295130004,0.23967619291627665,,INTERNET_Auction_Results_rus_2020_20201223.xlsx,2020,
2020-08-05,26228RMFS,ОФЗ-ПД,,3535.0,30000.0,113.19999999999999,113.35690000000001,5.93,5.91,38541.696,29999.99,34667.359361459996,0.7783775265105095,,INTERNET_Auction_Results_rus_2020_20201223.xlsx,2020,
2020-08-12,24021RMFS,ОФЗ-ПК,,1351.0,131951.369,,,,,222418.411,0.0,0.0,0.0,,INTERNET_Auction_Results_rus_2020_20201223.xlsx,2020,
2020-08-26,24021RMFS,ОФЗ-ПК,,1337.0,131951.369,98.55000000000001,98.6311,,,297391.985,85182.68,84284.07920898,0.28643233273418583,,INTERNET_Auction_Results_rus_2020_20201223.xlsx,2020,
2020-09-02,29014RMFS,ОФЗ-ПК,,2030.0,302823.119,97.65,97.6716,,,314757.083,187605.167,184587.72103247,0.5960315974843369,,INTERNET_Auction_Results_rus_2020_20201223.xlsx,2020,
2020-09-02,26228RMFS,ОФЗ-ПД,,3507.0,33678.885,111.81,111.89449999999998,6.1,6.09,34880.28,27783.151,31862.41456583,0.7965288982771928,,INTERNET_Auction_Results_rus_2020_20201223.xlsx,2020,
2020-09-09,29013RMFS,ОФЗ-ПК,,3661.0,450000.0,96.245,96.2691,,,207147.963,111737.022,108461.05144399,0.5394068103870275,,INTERNET_Auction_Results_rus_2020_20201223.xlsx,2020,
2020-09-09,24021RMFS,ОФЗ-ПК,,1323.0,46768.689,98.54,98.6341,,,101426.772,46768.681,46350.62699659,0.46110785227395384,,INTERNET_Auction_Results_rus_2020_20201223.xlsx,2020,
2020-09-16,29014RMFS,ОФЗ-ПК,,2016.0,115217.952,97.52199999999999,97.6283,,,183860.716,115217.946,113496.98748466,0.6266588562616062,,INTERNET_Auction_Results_rus_2020_20201223.xlsx,2020,
2020-09-16,26232RMFS,ОФЗ-ПД,,2576.0,43114.625,101.1,101.1415,5.89,5.88,47651.394,23254.098,24108.328882550002,0.48800456918427193,,INTERNET_Auction_Results_rus_2020_20201223.xlsx,2020,
2020-09-16,52003RMFS,ОФЗ-ИН,,3591.0,250715.0,97.5723,97.8474,2.8000000000000003,2.77,49349.9934693,25697.09309374,25205.440634799997,0.5207111751641027,,INTERNET_Auction_Results_rus_2020_20201223.xlsx,2020,
2020-09-23,29015RMFS,ОФЗ-ПК,,2947.0,450000.0,96.8175,96.8295,,,142272.916,100205.328,97028.36776057,0.7043176650712635,,INTERNET_Auction_Results_rus_2020_20201223.xlsx,2020,
2020-09-23,26234RMFS,ОФЗ-ПД,,1757.0,20000.0,96.41,96.4542,5.42,5.41,30615.74,19999.998,19567.04530087,0.653258683278601,,INTERNET_Auction_Results_rus_2020_20201223.xlsx,2020,
2020-09-30,29016RMFS,ОФЗ-ПК,,2275.0,450000.0,97.285,97.295,,,184294.267,155059.582,150989.3393725,0.841369536470714,,INTERNET_Auction_Results_rus_2020_20201223.xlsx,2020,
2020-09-30,26232RMFS,ОФЗ-ПД,,2562.0,19860.527,100.58009999999999,100.64950000000002,5.98,5.97,44431.129,19860.521,20538.06108394,0.4469956412766374,,INTERNET_Auction_Results_rus_2020_20201223.xlsx,2020,
2020-10-07,29013RMFS,ОФЗ-ПК,,3633.0,338262.978,95.23899999999999,95.4133,,,316330.565,315730.151,301501.17886139994,0.9981019412398546,,INTERNET_Auction_Results_rus_2020_20201223.xlsx,2020,
2020-10-07,26234RMFS,ОФЗ-ПД,,1743.0,30000.0,96.981,97.0123,5.29,5.28,51691.253,29999.995,29569.5913537,0.5803688875562757,,INTERNET_Auction_Results_rus_2020_20201223.xlsx,2020,
2020-10-14,29017RMFS,ОФЗ-ПК,,4333.0,450000.0,94.188,94.2304,,,377619.483,350607.135,330378.63673120004,0.9284667523365049,,INTERNET_Auction_Results_rus_2020_20201223.xlsx,2020,
2020-10-14,26233RMFS,ОФЗ-ПД,,5390.0,389531.851,98.682,98.8047,6.329999999999999,6.32,34597.63,21671.585,21666.108011,0.6263892931394434,,INTERNET_Auction_Results_rus_2020_20201223.xlsx,2020,
2020-10-21,29015RMFS,ОФЗ-ПК,,2919.0,349794.672,96.1701,96.1861,,,361492.629,309591.396,298768.44334729,0.8564251969851369,,INTERNET_Auction_Results_rus_2020_20201223.xlsx,2020,
2020-10-21,26234RMFS,ОФЗ-ПД,,1729.0,279904.684,97.1725,97.2659,5.24,5.22,40210.053,30391.075,30084.70832591,0.7558078821731471,,INTERNET_Auction_Results_rus_2020_20201223.xlsx,2020,
2020-10-21,52003RMFS,ОФЗ-ИН,,3556.0,15093.75,97.8267,98.0238,2.77,2.75,25800.27716875,7758.65741875,7642.497689180001,0.3007199251389244,,INTERNET_Auction_Results_rus_2020_20201223.xlsx,2020,
2020-10-28,29019RMFS,ОФЗ-ПК,,3185.0,450000.0,95.8,95.8156,,,474305.062,430194.756,412193.84297894,0.907000136549249,,INTERNET_Auction_Results_rus_2020_20201223.xlsx,2020,
2020-10-28,26235RMFS,ОФЗ-ПД,,3787.0,30000.0,98.15,98.8542,6.24,6.14,13381.241,6363.295,6304.76341258,0.4755384795774921,,INTERNET_Auction_Results_rus_2020_20201223.xlsx,2020,
2020-11-03,29018RMFS,ОФЗ-ПК,,4040.0,450000.0,94.54,94.5948,,,446955.15,427747.115,404921.77168481,0.957024692522281,,INTERNET_Auction_Results_rus_2020_20201223.xlsx,2020,
2020-11-11,26233RMFS,ОФЗ-ПД,,5362.0,367860.266,98.8725,98.9916,6.3100000000000005,6.3,27080.241,18477.619,18593.95114289,0.6823284549055526,,INTERNET_Auction_Results_rus_2020_20201223.xlsx,2020,
2020-11-11,29020RMFS,ОФЗ-ПК,,2506.0,450000.0,96.91,96.9546,,,390558.788,294544.699,285574.70775398007,0.7541622619947295,,INTERNET_Auction_Results_rus_2020_20201223.xlsx,2020,
2020-11-18,26235RMFS,ОФЗ-ПД,,3766.0,493636.705,99.8,99.9419,6.01,5.99,16346.953,6218.895,6250.4818067100005,0.3804314479891146,,INTERNET_Auction_Results_rus_2020_20201223.xlsx,2020,
2020-11-18,26234RMFS,ОФЗ-ПД,,1701.0,30000.0,97.452,97.5167,5.18,5.17,44303.296,29999.995,29876.30062562,0.6771504088544563,,INTERNET_Auction_Results_rus_2020_20201223.xlsx,2020,
2020-11-18,52003RMFS,ОФЗ-ИН,,3528.0,20146.0,98.1725,98.254,2.73,2.72,50577.8586068,19781.8479551,19569.208636889998,0.3911167554341734,,INTERNET_Auction_Results_rus_2020_20201223.xlsx,2020,
2020-11-25,26236RMFS,ОФЗ-ПД,,2730.0,500000.0,100.44999999999999,100.60249999999999,5.7,5.680000000000001,23234.45,17798.384,17944.59539456,0.7660342293447875,,INTERNET_Auction_Results_rus_2020_20201223.xlsx,2020,
2020-12-02,26235RMFS,ОФЗ-ПД,,3752.0,487417.81,99.5,99.6277,6.05,6.04,14143.382,8987.342,9025.06102772,0.6354450441909864,,INTERNET_Auction_Results_rus_2020_20201223.xlsx,2020,
2020-12-02,26234RMFS,ОФЗ-ПД,,1687.0,30000.0,97.2,97.2281,5.25,5.25,20531.731,9463.902,9413.942261350001,0.46094028798643427,,INTERNET_Auction_Results_rus_2020_20201223.xlsx,2020,
2020-12-09,26233RMFS,ОФЗ-ПД,,5334.0,349382.647,98.6,98.7556,6.34,6.329999999999999,26955.409,25654.187,25875.231272669997,0.9517268686221753,,INTERNET_Auction_Results_rus_2020_20201223.xlsx,2020,
2020-12-09,26236RMFS,ОФЗ-ПД,,2716.0,482201.616,100.39,100.42549999999999,5.71,5.71,15727.535,3616.218,3647.40718025,0.22992910204936756,,INTERNET_Auction_Results_rus_2020_20201223.xlsx,2020,
2020-12-16,26234RMFS,ОФЗ-ПД,,1673.0,210049.712,97.0282,97.0385,5.3,5.3,22094.645,13724.202,13649.33981716,0.6211551260497735,,INTERNET_Auction_Results_rus_2020_20201223.xlsx,2020,
2020-12-16,52003RMFS,ОФЗ-ИН,,3500.0,198374.90330108,99.2554,99.3953,2.6,2.59,112906.73957536,46897.59633264,47018.773322040004,0.41536578338034497,,INTERNET_Auction_Results_rus_2020_20201223.xlsx,2020,
2020-12-23,52003RMFS,ОФЗ-ИН,,3493.0,10066.9,100.25999999999999,100.2993,2.48,2.48,34131.80632958,10066.896979930001,10188.72318223,0.2949418171052266,,INTERNET_Auction_Results_rus_2020_20201223.xlsx,2020,
,,,,,,,,,,8871505.018137101,5279163.61724127,5286867.403432212,0.5950696760525335,,INTERNET_Auction_Results_rus_2020_20201223.xlsx,2020,
,,,,,,,,,,,,,,,INTERNET_Auction_Results_rus_2020_20201223.xlsx,2020,
,,,,,,,,,,,,,,,INTERNET_Auction_Results_rus_2021_20211223.xlsx,2021,
2021-01-13,26236RMFS,ОФЗ-ПД,,2681.0,478585.398,99.22,99.2736,5.91,5.91,15300.929,10150.457,10176.60343092,0.6633882818487689,,INTERNET_Auction_Results_rus_2021_20211223.xlsx,2021,
2021-01-13,52003RMFS,ОФЗ-ИН,,3472.0,141594.30167104,100.85,101.0907,2.41,2.39,33571.2138384,21009.034142080003,21459.701560309997,0.6258050198366403,,INTERNET_Auction_Results_rus_2021_20211223.xlsx,2021,
2021-01-20,26234RMFS,ОФЗ-ПД,,1638.0,20000.0,96.0801,96.162,5.57,5.55,38969.669,19999.995,19232.391234990002,0.5132195246513384,,INTERNET_Auction_Results_rus_2021_20211223.xlsx,2021,
2021-01-27,52003RMFS,ОФЗ-ИН,,3458.0,120817.30948560001,100.51,100.5883,2.45,2.44,33848.190394200006,9942.2708658,10000.76326551,0.2937312379188117,,INTERNET_Auction_Results_rus_2021_20211223.xlsx,2021,
2021-02-03,26233RMFS,ОФЗ-ПД,,5278.0,323728.46,94.0,94.2508,6.87,6.84,24858.106,9723.595,9164.56672225,0.39116395271626886,,INTERNET_Auction_Results_rus_2021_20211223.xlsx,2021,
2021-02-03,26236RMFS,ОФЗ-ПД,,2660.0,468434.941,,,,,11943.35,0.0,0.0,0.0,,INTERNET_Auction_Results_rus_2021_20211223.xlsx,2021,
2021-02-03,52003RMFS,ОФЗ-ИН,,3451.0,10113.0,100.21,100.313,2.49,2.48,26271.6009537,10112.993932200001,10149.44994761,0.3849401469679267,,INTERNET_Auction_Results_rus_2021_20211223.xlsx,2021,
2021-02-10,26235RMFS,ОФЗ-ПД,,3682.0,478430.468,96.30499999999999,96.5309,6.5,6.47,47656.357,28846.114,28400.1362779,0.6052941478510412,,INTERNET_Auction_Results_rus_2021_20211223.xlsx,2021,
2021-02-10,26234RMFS,ОФЗ-ПД,,1617.0,176325.515,95.64,95.6793,5.7,5.6899999999999995,73686.806,16206.078999999998,15547.83805642,0.21993189662746407,,INTERNET_Auction_Results_rus_2021_20211223.xlsx,2021,
2021-02-10,52003RMFS,ОФЗ-ИН,,3444.0,10130.699999999999,100.01,100.17689999999999,2.5100000000000002,2.4899999999999998,14563.86595404,4345.69445103,4357.542731109999,0.29838879764095255,,INTERNET_Auction_Results_rus_2021_20211223.xlsx,2021,
2021-02-17,26233RMFS,ОФЗ-ПД,,5264.0,314004.865,91.89500000000001,91.9777,7.12,7.109999999999999,72401.386,39253.671,36196.481152629996,0.5421673971821479,,INTERNET_Auction_Results_rus_2021_20211223.xlsx,2021,
2021-02-17,26236RMFS,ОФЗ-ПД,,2646.0,468434.941,95.26,95.3724,6.63,6.61,86392.47,42234.624,40926.775033260004,0.4888692729817773,,INTERNET_Auction_Results_rus_2021_20211223.xlsx,2021,
2021-03-03,26234RMFS,ОФЗ-ПД,,1596.0,160119.436,94.0,94.023,6.17,6.17,152382.491,89879.049,84972.57465739,0.5898253034858184,,INTERNET_Auction_Results_rus_2021_20211223.xlsx,2021,
2021-03-03,52003RMFS,ОФЗ-ИН,,3423.0,97236.41196325001,99.191,99.25500000000001,2.6100000000000003,2.6100000000000003,40672.244534599995,14253.32707456,14181.28721623,0.3504435822919646,,INTERNET_Auction_Results_rus_2021_20211223.xlsx,2021,
2021-03-10,26233RMFS,ОФЗ-ПД,,5243.0,274751.194,92.75,92.8961,7.02,7.01,43010.333,33258.153,31090.093699830002,0.7732596025238865,,INTERNET_Auction_Results_rus_2021_20211223.xlsx,2021,
2021-03-10,26236RMFS,ОФЗ-ПД,,2625.0,426200.317,95.0,95.0311,6.69,6.68,42633.204,9976.815,9666.447960469999,0.2340151352452891,,INTERNET_Auction_Results_rus_2021_20211223.xlsx,2021,
2021-03-17,26235RMFS,ОФЗ-ПД,,3647.0,20000.0,93.123,93.2265,6.98,6.959999999999999,35330.085,19999.994,19143.08706261,0.5660896088984785,,INTERNET_Auction_Results_rus_2021_20211223.xlsx,2021,
2021-03-17,26234RMFS,ОФЗ-ПД,,1582.0,30000.0,93.351,93.3794,6.370000000000001,6.36,39419.882,30000.0,28220.82251,0.7610372857026817,,INTERNET_Auction_Results_rus_2021_20211223.xlsx,2021,
2021-03-17,52003RMFS,ОФЗ-ИН,,3409.0,10222.4,98.96000000000001,99.1347,2.64,2.62,22405.28560592,10222.39897776,10168.248133809999,0.4562494385279786,,INTERNET_Auction_Results_rus_2021_20211223.xlsx,2021,
2021-03-31,26233RMFS,ОФЗ-ПД,,5222.0,241493.041,90.711,90.8989,7.2700000000000005,7.249999999999999,216640.951,154091.079,141509.39432359,0.711274014856037,,INTERNET_Auction_Results_rus_2021_20211223.xlsx,2021,
2021-03-31,26236RMFS,ОФЗ-ПД,,2604.0,416223.502,93.07900000000001,93.16250000000001,7.06,7.049999999999999,243652.794,200899.757,191554.94934546,0.8245329499484418,,INTERNET_Auction_Results_rus_2021_20211223.xlsx,2021,
2021-04-07,26235RMFS,ОФЗ-ПД,,3626.0,429584.36,90.9814,91.0614,7.31,7.3,73408.299,54688.294,49923.518696959996,0.7449878929901373,,INTERNET_Auction_Results_rus_2021_20211223.xlsx,2021,
2021-04-07,26233RMFS,ОФЗ-ПД,,5215.0,87401.962,89.447,89.5029,7.429999999999999,7.429999999999999,47048.529,37312.314,33788.505631349995,0.7930601613495716,,INTERNET_Auction_Results_rus_2021_20211223.xlsx,2021,
2021-04-14,26236RMFS,ОФЗ-ПД,,2590.0,215323.745,93.01,93.0431,7.08,7.08,259124.284,170732.044,162960.47440216,0.6588809098262669,,INTERNET_Auction_Results_rus_2021_20211223.xlsx,2021,
2021-04-14,26235RMFS,ОФЗ-ПД,,3619.0,374896.066,91.50500000000001,91.5463,7.23,7.23,251515.16,213014.005,195728.56206294,0.846923123838738,,INTERNET_Auction_Results_rus_2021_20211223.xlsx,2021,
2021-04-21,26236RMFS,ОФЗ-ПД,,2583.0,20000.0,93.11,93.11,7.07,7.07,83703.326,19999.992,19124.792350080003,0.2389390357080912,,INTERNET_Auction_Results_rus_2021_20211223.xlsx,2021,
2021-04-21,52003RMFS,ОФЗ-ИН,,3374.0,10308.3,98.08,98.1988,2.75,2.74,22810.565999669998,4812.228843149999,4753.23545874,0.2109649029848544,,INTERNET_Auction_Results_rus_2021_20211223.xlsx,2021,
2021-04-28,26233RMFS,ОФЗ-ПД,,5194.0,25000.0,91.0579,91.2335,7.23,7.21,24552.999,19697.967,18247.707796690003,0.8022631777079452,,INTERNET_Auction_Results_rus_2021_20211223.xlsx,2021,
2021-04-28,26235RMFS,ОФЗ-ПД,,3605.0,25000.0,92.2294,92.26050000000001,7.12,7.12,51167.672,9711.354,9014.709270839998,0.1897947203851682,,INTERNET_Auction_Results_rus_2021_20211223.xlsx,2021,
2021-05-12,26233RMFS,ОФЗ-ПД,,5180.0,30391.681,90.6,90.792,7.290000000000001,7.2700000000000005,30789.183,20382.925,18839.934734360002,0.6620157800224838,,INTERNET_Auction_Results_rus_2021_20211223.xlsx,2021,
2021-05-12,26235RMFS,ОФЗ-ПД,,3591.0,25000.0,91.8,91.8434,7.19,7.19,30230.887,24999.997,23158.84011255,0.8269686893408057,,INTERNET_Auction_Results_rus_2021_20211223.xlsx,2021,
2021-05-19,26236RMFS,ОФЗ-ПД,,2555.0,24591.709,93.4505,93.5418,7.01,7.000000000000001,34543.127,24591.704,23729.4675495,0.7119130818700925,,INTERNET_Auction_Results_rus_2021_20211223.xlsx,2021,
2021-05-19,26230RMFS,ОФЗ-ПД,,6510.0,7819.167,105.10999999999999,105.1536,7.31,7.31,20112.477,7819.163,8291.4073868,0.388771755960243,,INTERNET_Auction_Results_rus_2021_20211223.xlsx,2021,
2021-05-19,52003RMFS,ОФЗ-ИН,,3346.0,15568.199999999999,98.51,98.6229,2.7,2.69,36238.010920199995,15568.19377272,15473.205789110001,0.42960950056013947,,INTERNET_Auction_Results_rus_2021_20211223.xlsx,2021,
2021-05-26,26233RMFS,ОФЗ-ПД,,5166.0,10008.756,90.7678,90.8284,7.2700000000000005,7.2700000000000005,32707.953000000005,10008.751,9278.15491201,0.3060035887907751,,INTERNET_Auction_Results_rus_2021_20211223.xlsx,2021,
2021-05-26,26235RMFS,ОФЗ-ПД,,3577.0,30000.0,91.5958,91.6387,7.23,7.22,89486.685,29999.989,27797.00664112,0.33524528258030795,,INTERNET_Auction_Results_rus_2021_20211223.xlsx,2021,
2021-06-02,26234RMFS,ОФЗ-ПД,,1505.0,40240.387,92.60000000000001,92.6653,6.68,6.660000000000001,51526.603,33447.772999999994,31543.02050495,0.6491360006791054,,INTERNET_Auction_Results_rus_2021_20211223.xlsx,2021,
2021-06-02,26235RMFS,ОФЗ-ПД,,3570.0,20000.0,91.5,91.539,7.249999999999999,7.24,82640.113,19999.993,18534.192933029997,0.24201313713111694,,INTERNET_Auction_Results_rus_2021_20211223.xlsx,2021,
2021-06-09,26235RMFS,ОФЗ-ПД,,3563.0,77170.728,90.5755,90.6418,7.39,7.380000000000001,147998.921,60987.231,56039.22163488,0.4120788894129843,,INTERNET_Auction_Results_rus_2021_20211223.xlsx,2021,
2021-06-09,52003RMFS,ОФЗ-ИН,,3325.0,20863.0,98.1,98.1659,2.76,2.75,38936.78693345,20862.995827400002,20670.353163779997,0.5358170889410734,,INTERNET_Auction_Results_rus_2021_20211223.xlsx,2021,
2021-06-16,26239RMFS,ОФЗ-ПД,,3689.0,30000.0,97.96000000000001,98.0318,7.31,7.3,44870.084,24111.055,23636.505604680002,0.5373525710359713,,INTERNET_Auction_Results_rus_2021_20211223.xlsx,2021,
2021-06-23,26238RMFS,ОФЗ-ПД,,7266.0,30000.0,99.3001,99.4841,7.290000000000001,7.28,19457.04,7031.948,7005.23546292,0.3614089296213607,,INTERNET_Auction_Results_rus_2021_20211223.xlsx,2021,
2021-06-23,26237RMFS,ОФЗ-ПД,,2821.0,20000.0,98.2505,98.3019,7.12,7.109999999999999,30063.579,20000.0,19686.17017857,0.6652567879559516,,INTERNET_Auction_Results_rus_2021_20211223.xlsx,2021,
2021-06-30,26239RMFS,ОФЗ-ПД,,3675.0,30000.0,97.96000000000001,98.0718,7.31,7.3,27930.036,8489.044,8347.85288587,0.3039396010803566,,INTERNET_Auction_Results_rus_2021_20211223.xlsx,2021,
2021-06-30,26240RMFS,ОФЗ-ПД,,5509.0,20000.0,,,,,6771.821,0.0,0.0,0.0,,INTERNET_Auction_Results_rus_2021_20211223.xlsx,2021,
2021-07-07,26239RMFS,ОФЗ-ПД,,3668.0,10000.0,97.692,97.7645,7.35,7.339999999999999,18124.544,10000.0,9816.15300756,0.551738018898572,,INTERNET_Auction_Results_rus_2021_20211223.xlsx,2021,
2021-07-07,26238RMFS,ОФЗ-ПД,,7252.0,10000.0,98.0,98.2486,7.42,7.400000000000001,8595.668,5435.165,5362.14694799,0.6323144402506007,,INTERNET_Auction_Results_rus_2021_20211223.xlsx,2021,
2021-07-14,26237RMFS,ОФЗ-ПД,,2800.0,10000.0,97.37,97.4225,7.28,7.2700000000000005,19978.086,9999.999,9795.448145459999,0.5005484008828474,,INTERNET_Auction_Results_rus_2021_20211223.xlsx,2021,
2021-07-14,26240RMFS,ОФЗ-ПД,,5495.0,10000.0,97.42,97.5348,7.41,7.400000000000001,7663.95,4166.35,4075.6388743499997,0.5436295904853242,,INTERNET_Auction_Results_rus_2021_20211223.xlsx,2021,
2021-07-21,26239RMFS,ОФЗ-ПД,,3654.0,20000.0,97.921,97.9311,7.32,7.32,58071.431,19999.952,19722.37666623,0.3444026030631138,,INTERNET_Auction_Results_rus_2021_20211223.xlsx,2021,
2021-07-28,26237RMFS,ОФЗ-ПД,,2786.0,470000.001,98.75,98.8359,7.03,7.02,96406.133,70538.364,70273.79084522999,0.7316792179601271,,INTERNET_Auction_Results_rus_2021_20211223.xlsx,2021,
2021-07-28,26240RMFS,ОФЗ-ПД,,5481.0,495833.65,98.9752,99.1503,7.23,7.21,62145.363,35986.03,35880.34650108,0.579062190046263,,INTERNET_Auction_Results_rus_2021_20211223.xlsx,2021,
2021-08-04,26239RMFS,ОФЗ-ПД,,3640.0,437399.949,99.2515,99.4652,7.12,7.090000000000001,103332.161,55428.86,55656.242233239995,0.5364144082886257,,INTERNET_Auction_Results_rus_2021_20211223.xlsx,2021,
2021-08-04,26238RMFS,ОФЗ-ПД,,7224.0,487532.887,99.0877,99.3499,7.31,7.290000000000001,41703.299,19849.052,19913.141769259997,0.475958796449173,,INTERNET_Auction_Results_rus_2021_20211223.xlsx,2021,
2021-08-11,26237RMFS,ОФЗ-ПД,,2772.0,399461.637,98.027,98.1089,7.16,7.15,107594.577,55951.948,55479.079161370006,0.5200257258318883,,INTERNET_Auction_Results_rus_2021_20211223.xlsx,2021,
2021-08-11,26240RMFS,ОФЗ-ПД,,5467.0,459847.62,97.7577,97.9036,7.37,7.359999999999999,66228.266,54626.056,53931.535336379995,0.8248148305740028,,INTERNET_Auction_Results_rus_2021_20211223.xlsx,2021,
2021-08-18,26239RMFS,ОФЗ-ПД,,3626.0,381971.089,99.4555,99.4834,7.090000000000001,7.090000000000001,188080.096,94378.142,95032.55651092,0.5017976064835697,,INTERNET_Auction_Results_rus_2021_20211223.xlsx,2021,
2021-08-18,26238RMFS,ОФЗ-ПД,,7210.0,467683.835,98.6867,98.7552,7.35,7.35,43138.59,31304.699,31304.758232779997,0.7256773807396116,,INTERNET_Auction_Results_rus_2021_20211223.xlsx,2021,
2021-08-25,26237RMFS,ОФЗ-ПД,,2758.0,343509.689,98.3095,98.3506,7.109999999999999,7.109999999999999,127858.65,57659.32,57459.589172,0.45096143280098766,,INTERNET_Auction_Results_rus_2021_20211223.xlsx,2021,
2021-08-25,26240RMFS,ОФЗ-ПД,,5453.0,405221.564,97.502,97.599,7.400000000000001,7.39,57452.243,49252.759,48608.53010988,0.8572817426814824,,INTERNET_Auction_Results_rus_2021_20211223.xlsx,2021,
2021-09-01,26239RMFS,ОФЗ-ПД,,3612.0,287592.947,99.184,99.234,7.13,7.13,137355.727,67443.26599999999,67921.44117594,0.4910116780205312,,INTERNET_Auction_Results_rus_2021_20211223.xlsx,2021,
2021-09-01,26238RMFS,ОФЗ-ПД,,7196.0,436379.136,97.9935,98.1025,7.42,7.41,36339.121,24723.854,24629.78069529,0.6803646681492378,,INTERNET_Auction_Results_rus_2021_20211223.xlsx,2021,
2021-09-08,26240RMFS,ОФЗ-ПД,,5439.0,355968.805,97.248,97.3198,7.429999999999999,7.429999999999999,31577.142,11788.446,11633.04981432,0.3733221328263337,,INTERNET_Auction_Results_rus_2021_20211223.xlsx,2021,
2021-09-08,52004RMFS,ОФЗ-ИН,,3843.0,250057.5,,,,,,,,,,INTERNET_Auction_Results_rus_2021_20211223.xlsx,2021,
2021-09-15,26239RMFS,ОФЗ-ПД,,3598.0,220149.681,98.7146,98.7992,7.200000000000001,7.19,68284.981,45489.567,45734.41120084,0.6661723608006862,,INTERNET_Auction_Results_rus_2021_20211223.xlsx,2021,
2021-09-15,26238RMFS,ОФЗ-ПД,,7182.0,411655.282,97.2108,97.2626,7.5,7.5,26303.598,17924.103,17754.287347,0.6814316049081953,,INTERNET_Auction_Results_rus_2021_20211223.xlsx,2021,
2021-09-22,25085RMFS,ОФЗ-ПД,,1463.0,15000.0,97.875,97.875,7.139999999999999,7.139999999999999,38068.729,15000.0,14904.9,0.3940241871484598,,INTERNET_Auction_Results_rus_2021_20211223.xlsx,2021,
2021-10-06,52004RMFS,ОФЗ-ИН,,3815.0,10058.400000000001,94.8,94.9477,3.11,3.09,28857.807095039996,10058.39597664,9570.21261714,0.3485502534379617,,INTERNET_Auction_Results_rus_2021_20211223.xlsx,2021,
2021-10-13,26237RMFS,ОФЗ-ПД,,2709.0,10000.0,95.88,95.9263,7.57,7.5600000000000005,30121.18,9999.993,9633.021874,0.331992073351708,,INTERNET_Auction_Results_rus_2021_20211223.xlsx,2021,
2021-10-13,52004RMFS,ОФЗ-ИН,,3808.0,10065.4,94.901,95.0385,3.1,3.08,25330.0572065,10065.39899346,9590.80799445,0.39736976949570785,,INTERNET_Auction_Results_rus_2021_20211223.xlsx,2021,
2021-10-20,26239RMFS,ОФЗ-ПД,,3563.0,20000.0,95.975,96.0577,7.62,7.61,38993.648,19999.988,19691.72238737,0.5129037426813722,,INTERNET_Auction_Results_rus_2021_20211223.xlsx,2021,
2021-10-27,52004RMFS,ОФЗ-ИН,,3794.0,10079.4,95.25,95.3115,3.06,3.05,16774.439862000003,6840.96135168,6543.63953703,0.4078205536494354,,INTERNET_Auction_Results_rus_2021_20211223.xlsx,2021,
2021-11-10,26239RMFS,ОФЗ-ПД,,3542.0,20000.0,93.531,93.5469,8.02,8.01,87657.643,19999.986,19268.966945580003,0.2281602073192865,,INTERNET_Auction_Results_rus_2021_20211223.xlsx,2021,
2021-11-10,26240RMFS,ОФЗ-ПД,,5376.0,20000.0,92.4271,92.5363,8.03,8.01,34571.659,19999.995,19021.25920132,0.5785083961403182,,INTERNET_Auction_Results_rus_2021_20211223.xlsx,2021,
2021-11-17,26239RMFS,ОФЗ-ПД,,3535.0,20000.0,91.97,92.021,8.27,8.27,43475.161,19999.989,18990.19481373,0.460032545940428,,INTERNET_Auction_Results_rus_2021_20211223.xlsx,2021,
2021-11-17,52004RMFS,ОФЗ-ИН,,3773.0,10093.1,95.1,95.21,3.08,3.0700000000000003,9768.858153189998,1308.57546155,1252.26089985,0.13395377853067583,,INTERNET_Auction_Results_rus_2021_20211223.xlsx,2021,
2021-12-01,26237RMFS,ОФЗ-ПД,,2660.0,20000.0,90.95,91.0127,8.559999999999999,8.55,48541.267,19999.991,18463.12966911,0.41202037433427524,,INTERNET_Auction_Results_rus_2021_20211223.xlsx,2021,
2021-12-01,26240RMFS,ОФЗ-ПД,,5355.0,20000.0,89.70700000000001,89.7682,8.38,8.38,14186.3,13150.157,12195.612524199998,0.92696171658572,,INTERNET_Auction_Results_rus_2021_20211223.xlsx,2021,
2021-12-08,26239RMFS,ОФЗ-ПД,,3514.0,30000.0,90.085,90.1597,8.6,8.59,53498.184,29999.989,28046.0037681,0.5607664925598222,,INTERNET_Auction_Results_rus_2021_20211223.xlsx,2021,
2021-12-15,26237RMFS,ОФЗ-ПД,,2646.0,30000.0,90.2,90.244,8.72,8.71,42335.943,15689.11,14403.229674290002,0.37058605261255195,,INTERNET_Auction_Results_rus_2021_20211223.xlsx,2021,
2021-12-15,26240RMFS,ОФЗ-ПД,,5341.0,20000.0,88.05,88.1132,8.61,8.6,10821.099,9632.418,8799.619077790001,0.8901515456054879,,INTERNET_Auction_Results_rus_2021_20211223.xlsx,2021,
2021-12-22,26239RMFS,ОФЗ-ПД,,3500.0,20000.0,90.75,90.8123,8.49,8.48,37037.569,19999.992,18880.85533607,0.5399920280945004,,INTERNET_Auction_Results_rus_2021_20211223.xlsx,2021,
2021-12-22,26238RMFS,ОФЗ-ПД,,7084.0,20000.0,88.72,88.8553,8.45,8.43,24897.713,19999.99,17829.449103889998,0.8032862295424484,,INTERNET_Auction_Results_rus_2021_20211223.xlsx,2021,
,,,,,,,,,,4744416.239450911,2636364.92467003,2528760.41865723,0.5556774093192014,,INTERNET_Auction_Results_rus_2021_20211223.xlsx,2021,
,,,,,,,,,,,,,,,INTERNET_Auction_Results_rus_2021_20211223.xlsx,2021,
,,,,,,,,,,,,,,,INTERNET_Auction_Results_rus_2022_20221222.xlsx,2022,
2022-01-12,26237RMFS,ОФЗ-ПД,,2618.0,240161.275,89.222,89.2638,8.94,8.94,37971.427,16524.369,15092.993445799999,0.43517903606835734,,INTERNET_Auction_Results_rus_2022_20221222.xlsx,2022,
2022-01-12,52004RMFS,ОФЗ-ИН,,3717.0,226463.49560972,94.9,95.0824,3.11,3.09,26280.07586041,12041.884049,11554.492672780001,0.45821344325495916,,INTERNET_Auction_Results_rus_2022_20221222.xlsx,2022,
2022-02-02,26237RMFS,ОФЗ-ПД,,2597.0,223636.906,86.2815,86.335,9.6,9.59,102923.91,74733.629,66359.74091020999,0.7261056153035772,,INTERNET_Auction_Results_rus_2022_20221222.xlsx,2022,
2022-02-09,26240RMFS,ОФЗ-ПД,,5285.0,301397.789,82.69999999999999,82.7333,9.39,9.39,76201.407,20657.088,17981.645319190004,0.271085388226493,,INTERNET_Auction_Results_rus_2022_20221222.xlsx,2022,
2022-02-09,52004RMFS,ОФЗ-ИН,,3689.0,216543.78647351998,93.7,93.7875,3.26,3.25,8721.88317,4122.36,3910.018385,0.47264563393595654,,INTERNET_Auction_Results_rus_2022_20221222.xlsx,2022,
2022-09-14,26239RMFS,ОФЗ-ПД,,3234.0,10000.0,88.55,88.7452,8.98,8.94,24846.339,9999.997,8955.81695735,0.4024736602040244,,INTERNET_Auction_Results_rus_2022_20221222.xlsx,2022,
2022-09-21,26237RMFS,ОФЗ-ПД,,2366.0,20000.0,,,,,28932.329,0.0,0.0,0.0,,INTERNET_Auction_Results_rus_2022_20221222.xlsx,2022,
2022-09-21,26240RMFS,ОФЗ-ПД,,5061.0,10000.0,,,,,1540.172,0.0,0.0,0.0,,INTERNET_Auction_Results_rus_2022_20221222.xlsx,2022,
2022-10-19,29021RMFS,ОФЗ-ПК,,2961.0,25000.0,97.405,97.8967,,,76731.689,24999.995,24479.42867498,0.3258105656973092,,INTERNET_Auction_Results_rus_2022_20221222.xlsx,2022,
2022-10-19,26239RMFS,ОФЗ-ПД,,3199.0,25000.0,83.38,83.38,10.0,10.0,31427.171,24999.991,21213.74307915,0.7954897053890089,,INTERNET_Auction_Results_rus_2022_20221222.xlsx,2022,
2022-10-26,29021RMFS,ОФЗ-ПК,,2954.0,475000.005,97.32,97.5291,,,218699.11,123580.267,120733.12594479,0.5650698212717922,,INTERNET_Auction_Results_rus_2022_20221222.xlsx,2022,
2022-10-26,26237RMFS,ОФЗ-ПД,,2331.0,148903.277,86.122,86.239,9.89,9.87,76455.669,20686.902,17976.92130579,0.2705738144806502,,INTERNET_Auction_Results_rus_2022_20221222.xlsx,2022,
2022-10-26,52004RMFS,ОФЗ-ИН,,3430.0,239381.44217592,93.6,93.7279,3.32,3.3099999999999996,41432.38616814,33285.81252897,31264.29647052,0.8033766723907776,,INTERNET_Auction_Results_rus_2022_20221222.xlsx,2022,
2022-11-02,26240RMFS,ОФЗ-ПД,,5019.0,280740.701,74.092,75.7043,10.9,10.620000000000001,132712.801,47498.557,36669.024567450004,0.35790486405301625,,INTERNET_Auction_Results_rus_2022_20221222.xlsx,2022,
2022-11-02,29021RMFS,ОФЗ-ПК,,2947.0,351419.738,97.04,97.1788,,,173991.406,108424.286,105706.97599614,0.6231588587771973,,INTERNET_Auction_Results_rus_2022_20221222.xlsx,2022,
2022-11-02,52004RMFS,ОФЗ-ИН,,3423.0,205895.1043613,93.32000000000001,93.4793,3.36,3.34,19198.2768978,11053.46866642,10359.95442233,0.5757531639564308,,INTERNET_Auction_Results_rus_2022_20221222.xlsx,2022,
2022-11-09,26237RMFS,ОФЗ-ПД,,2317.0,128216.375,84.5,85.0244,10.31,10.18,307846.235,16195.348,13918.67075952,0.052608562843070014,,INTERNET_Auction_Results_rus_2022_20221222.xlsx,2022,
2022-11-09,29021RMFS,ОФЗ-ПК,,2940.0,242995.452,97.2295,97.2311,,,208972.249,18636.621,18206.50117716,0.0891822770209072,,INTERNET_Auction_Results_rus_2022_20221222.xlsx,2022,
2022-11-09,52004RMFS,ОФЗ-ИН,,3416.0,194604.8553988,93.33,93.4109,3.36,3.35,20273.239424900003,7133.612905649999,6684.56304892,0.35187336153532284,,INTERNET_Auction_Results_rus_2022_20221222.xlsx,2022,
2022-11-16,26241RMFS,ОФЗ-ПД,,3654.0,750000.0,97.1395,97.2851,10.2,10.18,253884.256,53971.319,52520.07737478,0.2125823784835244,,INTERNET_Auction_Results_rus_2022_20221222.xlsx,2022,
2022-11-16,29022RMFS,ОФЗ-ПК,,3899.0,750000.0,96.27,96.34009999999999,,,904365.239,750000.0,722708.2772257001,0.8293109549735801,,INTERNET_Auction_Results_rus_2022_20221222.xlsx,2022,
2022-11-16,52004RMFS,ОФЗ-ИН,,3409.0,187243.14183136,93.60000000000001,93.60000000000001,3.3300000000000005,3.3300000000000005,37065.38053728,19049.879022079997,17895.863127710003,0.5139534181476921,,INTERNET_Auction_Results_rus_2022_20221222.xlsx,2022,
2022-11-23,26240RMFS,ОФЗ-ПД,,4998.0,233242.144,77.5415,77.7869,10.299999999999999,10.26,248867.993,82552.249,65781.68939238001,0.33171099266268445,,INTERNET_Auction_Results_rus_2022_20221222.xlsx,2022,
2022-11-23,29021RMFS,ОФЗ-ПК,,2926.0,224358.831,97.25,97.3243,,,403517.293,73473.531,72055.72054046001,0.18208273170587513,,INTERNET_Auction_Results_rus_2022_20221222.xlsx,2022,
2022-11-23,52004RMFS,ОФЗ-ИН,,3402.0,167986.91566974,93.60000000000001,93.6478,3.3300000000000005,3.32,17184.84767856,10683.53570106,10046.576632040002,0.6216834679535096,,INTERNET_Auction_Results_rus_2022_20221222.xlsx,2022,
2022-11-30,26241RMFS,ОФЗ-ПД,,3640.0,696028.681,97.723,97.8191,10.100000000000001,10.09,262670.50899999996,51977.205,51046.36489312,0.19787986553145945,,INTERNET_Auction_Results_rus_2022_20221222.xlsx,2022,
2022-11-30,29021RMFS,ОФЗ-ПК,,2919.0,150885.3,97.056,97.1498,,,210198.521,150885.3,147920.1620862,0.7178228432920324,,INTERNET_Auction_Results_rus_2022_20221222.xlsx,2022,
2022-11-30,52004RMFS,ОФЗ-ИН,,3395.0,157111.51670874,93.60000000000001,93.637,3.3300000000000005,3.3300000000000005,19370.58137991,16698.82307679,15709.45624031,0.862071341550389,,INTERNET_Auction_Results_rus_2022_20221222.xlsx,2022,
2022-12-07,26237RMFS,ОФЗ-ПД,,2289.0,112021.027,86.4,86.4002,9.87,9.87,247751.717,28876.094,25362.50707121,0.11655254845317581,,INTERNET_Auction_Results_rus_2022_20221222.xlsx,2022,
2022-12-07,29023RMFS,ОФЗ-ПК,,4277.0,750000.0,96.14,96.1828,,,910741.42,750000.0,721520.86309984,0.823504875840609,,INTERNET_Auction_Results_rus_2022_20221222.xlsx,2022,
2022-12-07,52004RMFS,ОФЗ-ИН,,3388.0,140429.71910125,93.6,93.6382,3.3300000000000005,3.3300000000000005,39890.52119375,29902.15078675,28145.360846009997,0.7496054173249317,,INTERNET_Auction_Results_rus_2022_20221222.xlsx,2022,
2022-12-14,26241RMFS,ОФЗ-ПД,,3626.0,644051.476,97.487,97.6361,10.14,10.12,287516.345,90242.895,88790.97317673001,0.31387048621531416,,INTERNET_Auction_Results_rus_2022_20221222.xlsx,2022,
2022-12-14,29022RMFS,ОФЗ-ПК,,3871.0,250000.0,96.41,96.49849999999999,,,524458.042,250000.0,242683.6305682,0.47668255604706694,,INTERNET_Auction_Results_rus_2022_20221222.xlsx,2022,
2022-12-14,52004RMFS,ОФЗ-ИН,,3381.0,110540.96849597999,93.7501,93.7501,3.32,3.32,11747.47640616,11557.48891693,10896.9033034,0.9838273785227288,,INTERNET_Auction_Results_rus_2022_20221222.xlsx,2022,
2022-12-21,29023RMFS,ОФЗ-ПК,,4263.0,250000.0,96.2,96.2552,,,437502.766,249999.994,241387.88927325,0.5714249450025192,,INTERNET_Auction_Results_rus_2022_20221222.xlsx,2022,
2022-12-21,26241RMFS,ОФЗ-ПД,,3619.0,553808.581,97.08,97.25819999999999,10.209999999999999,10.18,138822.729,84550.289,83024.33785304,0.6090522035480228,,INTERNET_Auction_Results_rus_2022_20221222.xlsx,2022,
2022-12-21,26237RMFS,ОФЗ-ПД,,2275.0,83144.933,86.25,86.2691,9.92,9.92,33880.552,2263.952,1991.3294566900001,0.06682157953034532,,INTERNET_Auction_Results_rus_2022_20221222.xlsx,2022,
,,,,,,,,,,6604593.96471691,3281258.89365365,3130555.89529815,0.49681462799724024,,INTERNET_Auction_Results_rus_2022_20221222.xlsx,2022,
,,,,,,,,,,,,,,,INTERNET_Auction_Results_rus_2022_20221222.xlsx,2022,
,,,,,,,,,,,,,,,INTERNET_Auction_Results_rus_2023_20231231.xlsx,2023,
2023-01-11,26241RMFS,ОФЗ-ПД,,3598.0,469258.29199999996,96.8556,96.9502,10.25,10.24,66528.821,18867.237,18571.62633188,0.2835949400035212,,INTERNET_Auction_Results_rus_2023_20231231.xlsx,2023,
2023-01-11,26240RMFS,ОФЗ-ПД,,4949.0,150689.895,77.4815,77.5758,10.33,10.32,62678.964,21606.177,17374.35475018,0.3447117760274404,,INTERNET_Auction_Results_rus_2023_20231231.xlsx,2023,
2023-01-18,26239RMFS,ОФЗ-ПД,,3108.0,29660.182,82.84,82.9309,10.18,10.16,51470.635,29660.176,25545.08398848,0.5762543244317851,,INTERNET_Auction_Results_rus_2023_20231231.xlsx,2023,
2023-01-18,26238RMFS,ОФЗ-ПД,,6692.0,373731.189,74.7907,74.898,10.41,10.4,70218.231,40975.486,31032.37308172,0.5835448346740606,,INTERNET_Auction_Results_rus_2023_20231231.xlsx,2023,
2023-01-18,52004RMFS,ОФЗ-ИН,,3346.0,99112.89887799999,93.75,93.8023,3.32,3.32,106927.6430824,36327.9486724,34357.59669605,0.3397432845724015,,INTERNET_Auction_Results_rus_2023_20231231.xlsx,2023,
2023-01-25,26242RMFS,ОФЗ-ПД,,2408.0,500000.0,96.64110000000001,96.794,9.93,9.9,65425.602999999996,6495.81,6289.17890538,0.09928544334547441,,INTERNET_Auction_Results_rus_2023_20231231.xlsx,2023,
2023-01-25,26240RMFS,ОФЗ-ПД,,4935.0,129083.71800000001,76.64999999999999,76.7339,10.48,10.47,87777.165,55569.753,44366.81290852,0.6330775549654628,,INTERNET_Auction_Results_rus_2023_20231231.xlsx,2023,
2023-02-01,26241RMFS,ОФЗ-ПД,,3577.0,450391.055,96.346,96.4247,10.34,10.33,110578.026,53831.124,52999.262195480005,0.48681574402494765,,INTERNET_Auction_Results_rus_2023_20231231.xlsx,2023,
2023-02-01,26238RMFS,ОФЗ-ПД,,6678.0,332755.703,74.11,74.1908,10.52,10.51,97324.472,70527.234,53106.89676803,0.7246608437803803,,INTERNET_Auction_Results_rus_2023_20231231.xlsx,2023,
2023-02-01,52004RMFS,ОФЗ-ИН,,3332.0,62839.78659414,93.69,93.71979999999999,3.3300000000000005,3.3300000000000005,70825.02438844,15873.59111232,15014.81081959,0.22412404724721668,,INTERNET_Auction_Results_rus_2023_20231231.xlsx,2023,
2023-02-08,26240RMFS,ОФЗ-ПД,,4921.0,73513.965,76.1752,76.1752,10.57,10.57,64940.80099999999,32509.607000000004,25861.468069349998,0.5006037267695544,,INTERNET_Auction_Results_rus_2023_20231231.xlsx,2023,
2023-02-08,26242RMFS,ОФЗ-ПД,,2394.0,493504.19,97.1,97.2285,9.83,9.8,20250.054,7434.404,7255.86691254,0.36713008271484115,,INTERNET_Auction_Results_rus_2023_20231231.xlsx,2023,
2023-02-15,26241RMFS,ОФЗ-ПД,,3563.0,396559.931,95.45,95.50880000000001,10.5,10.489999999999998,78983.83,45569.987,44614.275664529996,0.5769533713419569,,INTERNET_Auction_Results_rus_2023_20231231.xlsx,2023,
2023-02-15,26238RMFS,ОФЗ-ПД,,6664.0,262228.469,73.02300000000001,73.08789999999999,10.7,10.69,84768.595,41238.879,30710.14278284,0.48648770219678644,,INTERNET_Auction_Results_rus_2023_20231231.xlsx,2023,
2023-02-15,52004RMFS,ОФЗ-ИН,,3318.0,47054.25126516,93.76,93.777,3.3300000000000005,3.3300000000000005,66178.6974687,47054.25010558,44580.53121239,0.7110180753834701,,INTERNET_Auction_Results_rus_2023_20231231.xlsx,2023,
2023-02-22,26240RMFS,ОФЗ-ПД,,4907.0,41004.358,,,,,14390.46,0.0,0.0,0.0,,INTERNET_Auction_Results_rus_2023_20231231.xlsx,2023,
2023-02-22,26242RMFS,ОФЗ-ПД,,2380.0,486069.786,96.13000000000001,96.1307,10.05,10.05,51839.741,7252.915,7031.31661705,0.13991032478345136,,INTERNET_Auction_Results_rus_2023_20231231.xlsx,2023,
2023-03-01,26241RMFS,ОФЗ-ПД,,3549.0,350989.944,95.2368,95.2719,10.54,10.54,59135.763,20361.981,19961.036270020002,0.34432600455328527,,INTERNET_Auction_Results_rus_2023_20231231.xlsx,2023,
2023-03-01,26238RMFS,ОФЗ-ПД,,6650.0,220989.59,72.56,72.68050000000001,10.780000000000001,10.76,43094.115,30406.416,22602.16080558,0.705581632201984,,INTERNET_Auction_Results_rus_2023_20231231.xlsx,2023,
2023-03-15,26241RMFS,ОФЗ-ПД,,3535.0,330627.963,95.0836,95.1682,10.57,10.56,65233.253000000004,38841.495,38177.76296364,0.5954247751526357,,INTERNET_Auction_Results_rus_2023_20231231.xlsx,2023,
2023-03-15,26238RMFS,ОФЗ-ПД,,6636.0,190583.174,72.639,72.75819999999999,10.77,10.76,48252.329,35873.317,26791.69752824,0.7434525492023402,,INTERNET_Auction_Results_rus_2023_20231231.xlsx,2023,
2023-03-15,52005RMFS,ОФЗ-ИН,,3710.0,350087.50000000006,95.05,95.2996,3.09,3.06,15140.660219,7268.33162875,6927.20020518,0.48005381031066124,,INTERNET_Auction_Results_rus_2023_20231231.xlsx,2023,
2023-03-22,26242RMFS,ОФЗ-ПД,,2352.0,478816.871,95.524,95.6025,10.190000000000001,10.18,32709.940000000002,15333.463,14874.608670380001,0.468770746751599,,INTERNET_Auction_Results_rus_2023_20231231.xlsx,2023,
2023-03-22,52005RMFS,ОФЗ-ИН,,3703.0,343415.52463515,,,,,2852.78075885,0.0,0.0,0.0,,INTERNET_Auction_Results_rus_2023_20231231.xlsx,2023,
2023-03-29,26241RMFS,ОФЗ-ПД,,3521.0,291786.468,95.155,95.19800000000001,10.56,10.56,75597.509,30668.502,30265.21192573,0.40568138296726153,,INTERNET_Auction_Results_rus_2023_20231231.xlsx,2023,
2023-03-29,26238RMFS,ОФЗ-ПД,,6622.0,154709.857,72.6004,72.7279,10.780000000000001,10.76,44777.68,28877.362,21636.6320859,0.644905274234842,,INTERNET_Auction_Results_rus_2023_20231231.xlsx,2023,
2023-04-05,26242RMFS,ОФЗ-ПД,,2338.0,463483.408,95.547,95.5918,10.190000000000001,10.18,95331.44,70540.453,68666.04966665,0.7399495171792222,,INTERNET_Auction_Results_rus_2023_20231231.xlsx,2023,
2023-04-05,26240RMFS,ОФЗ-ПД,,4865.0,41004.358,75.08,75.0854,10.79,10.79,17291.341,6209.002,4721.59810137,0.35908157730508006,,INTERNET_Auction_Results_rus_2023_20231231.xlsx,2023,
2023-04-12,26241RMFS,ОФЗ-ПД,,3507.0,261117.96599999996,94.73089999999999,94.7729,10.639999999999999,10.639999999999999,46808.297,31321.7,30890.99276626,0.6691484631453266,,INTERNET_Auction_Results_rus_2023_20231231.xlsx,2023,
2023-04-12,52005RMFS,ОФЗ-ИН,,3682.0,345355.39616024995,94.99,95.2657,3.1,3.0700000000000003,18938.59331945,5147.61730805,4914.12996325,0.2718056838341515,,INTERNET_Auction_Results_rus_2023_20231231.xlsx,2023,
2023-04-19,26242RMFS,ОФЗ-ПД,,2324.0,392942.955,95.30499999999999,95.34129999999999,10.25,10.25,58952.263,35445.303,34536.94648724,0.6012543233497245,,INTERNET_Auction_Results_rus_2023_20231231.xlsx,2023,
2023-04-19,52005RMFS,ОФЗ-ИН,,3675.0,340879.65249872004,95.0,95.0177,3.1,3.1,25963.64377216,17913.743666559996,17065.40213175,0.6899549163345223,,INTERNET_Auction_Results_rus_2023_20231231.xlsx,2023,
2023-04-26,26241RMFS,ОФЗ-ПД,,3493.0,229796.266,94.69999999999999,94.7509,10.65,10.639999999999999,69661.245,48267.159,47768.51303225,0.6928839557777069,,INTERNET_Auction_Results_rus_2023_20231231.xlsx,2023,
2023-04-26,26238RMFS,ОФЗ-ПД,,6594.0,125832.495,72.2287,72.2959,10.85,10.84,16396.863,12191.727,9148.535982689998,0.7435402125394351,,INTERNET_Auction_Results_rus_2023_20231231.xlsx,2023,
2023-05-03,26240RMFS,ОФЗ-ПД,,4837.0,34795.356,75.02,75.0501,10.81,10.81,36643.413,23288.592,17826.50714632,0.635546475979189,,INTERNET_Auction_Results_rus_2023_20231231.xlsx,2023,
2023-05-03,29024RMFS,ОФЗ-ПК,,4368.0,750000.0,96.39999999999999,96.5693,,,260744.458,75500.559,72924.71538005001,0.2895576748940911,,INTERNET_Auction_Results_rus_2023_20231231.xlsx,2023,
2023-05-17,26241RMFS,ОФЗ-ПД,,3472.0,181529.107,95.053,95.1244,10.59,10.58,58890.297,41087.994,41041.73169177,0.6977039698067747,,INTERNET_Auction_Results_rus_2023_20231231.xlsx,2023,
2023-05-17,26238RMFS,ОФЗ-ПД,,6573.0,113640.768,72.38550000000001,72.3879,10.83,10.83,12492.647,6077.597,4590.95140904,0.48649393519243755,,INTERNET_Auction_Results_rus_2023_20231231.xlsx,2023,
2023-05-17,52005RMFS,ОФЗ-ИН,,3647.0,324760.44822099997,95.0,95.0154,3.11,3.11,43366.4951225,37371.023559,35672.029932519996,0.8617487637272918,,INTERNET_Auction_Results_rus_2023_20231231.xlsx,2023,
2023-05-24,26242RMFS,ОФЗ-ПД,,2289.0,357497.652,96.07719999999999,96.1634,10.08,10.059999999999999,70605.408,59565.789,59043.02645183,0.8436434359249082,,INTERNET_Auction_Results_rus_2023_20231231.xlsx,2023,
2023-05-24,26240RMFS,ОФЗ-ПД,,4816.0,11506.764,75.29,75.3188,10.77,10.77,12475.124,4043.6569999999997,3122.38234143,0.3241376197944004,,INTERNET_Auction_Results_rus_2023_20231231.xlsx,2023,
2023-05-31,26238RMFS,ОФЗ-ПД,,6559.0,107563.171,72.175,72.2279,10.870000000000001,10.870000000000001,30592.505,19406.102,14680.893903729999,0.6343417121285099,,INTERNET_Auction_Results_rus_2023_20231231.xlsx,2023,
2023-05-31,29024RMFS,ОФЗ-ПК,,4340.0,674499.441,96.262,96.3515,,,144980.292,42905.309,41584.04054198,0.2959389059583354,,INTERNET_Auction_Results_rus_2023_20231231.xlsx,2023,
2023-06-07,26242RMFS,ОФЗ-ПД,,2275.0,297931.863,95.97,96.0235,10.11,10.100000000000001,48647.879,25254.951,25085.11485757,0.5191377613811282,,INTERNET_Auction_Results_rus_2023_20231231.xlsx,2023,
2023-06-07,26240RMFS,ОФЗ-ПД,,4802.0,7463.107,75.11,75.12339999999999,10.81,10.81,9865.738,7463.1,5768.26038462,0.7564664701211405,,INTERNET_Auction_Results_rus_2023_20231231.xlsx,2023,
2023-06-07,52005RMFS,ОФЗ-ИН,,3626.0,288213.16583487997,95.0,95.0036,3.11,3.11,26854.33450128,25953.17941216,24807.60388351,0.9664428441122961,,INTERNET_Auction_Results_rus_2023_20231231.xlsx,2023,
2023-06-14,26241RMFS,ОФЗ-ПД,,3444.0,140441.113,94.5886,94.6563,10.68,10.67,55261.122,37323.068,35474.194922459996,0.6753946834449,,INTERNET_Auction_Results_rus_2023_20231231.xlsx,2023,
2023-06-14,29024RMFS,ОФЗ-ПК,,4326.0,631594.132,96.0,96.0188,,,117455.131,69307.633,67137.45402776,0.590077525008252,,INTERNET_Auction_Results_rus_2023_20231231.xlsx,2023,
2023-06-21,26242RMFS,ОФЗ-ПД,,2261.0,272676.912,95.6126,95.6342,10.2,10.2,26997.312,16843.998,16723.256486090002,0.6239138918719018,,INTERNET_Auction_Results_rus_2023_20231231.xlsx,2023,
2023-06-21,26243RMFS,ОФЗ-ПД,,5446.0,750000.0,93.53,93.6781,10.96,10.94,59478.502,36433.621,34140.17207952,0.6125510861050266,,INTERNET_Auction_Results_rus_2023_20231231.xlsx,2023,
2023-06-21,52005RMFS,ОФЗ-ИН,,3612.0,262708.1796108,95.0,95.0,3.11,3.11,25396.8409695,22005.742822700002,21054.767361029997,0.8664755923434535,,INTERNET_Auction_Results_rus_2023_20231231.xlsx,2023,
2023-06-28,29024RMFS,ОФЗ-ПК,,4312.0,562286.499,95.89,95.955,,,249801.143,59009.451,57289.32649385,0.23622570453971062,,INTERNET_Auction_Results_rus_2023_20231231.xlsx,2023,
2023-07-05,26241RMFS,ОФЗ-ПД,,3423.0,103118.045,93.9526,93.95320000000001,10.8,10.8,24273.963,10339.653,9811.31697721,0.4259565279884459,,INTERNET_Auction_Results_rus_2023_20231231.xlsx,2023,
2023-07-05,26238RMFS,ОФЗ-ПД,,6524.0,88157.069,70.85000000000001,70.9452,11.110000000000001,11.09,37399.418,31080.465,22225.3813662,0.8310414081844804,,INTERNET_Auction_Results_rus_2023_20231231.xlsx,2023,
2023-07-05,52005RMFS,ОФЗ-ИН,,3598.0,241120.16726473,95.015,95.01650000000001,3.11,3.11,8712.26844826,3073.83620713,2944.44975104,0.352816975898384,,INTERNET_Auction_Results_rus_2023_20231231.xlsx,2023,
2023-07-12,26243RMFS,ОФЗ-ПД,,5425.0,713566.379,92.54,92.60000000000001,11.110000000000001,11.1,30136.974,17059.355,15897.789195790001,0.566060646964755,,INTERNET_Auction_Results_rus_2023_20231231.xlsx,2023,
2023-07-12,29024RMFS,ОФЗ-ПК,,4298.0,503277.048,95.851,95.90429999999999,,,383661.897,170868.315,166277.58565129002,0.44536170085193527,,INTERNET_Auction_Results_rus_2023_20231231.xlsx,2023,
2023-07-19,26241RMFS,ОФЗ-ПД,,3409.0,92778.392,92.75,92.82740000000001,11.03,11.020000000000001,18705.523,9586.685,9023.79239538,0.5125055845805541,,INTERNET_Auction_Results_rus_2023_20231231.xlsx,2023,
2023-07-19,52005RMFS,ОФЗ-ИН,,3584.0,238465.7261616,95.1105,95.3323,3.1,3.08,11423.04282924,7391.88823513,7111.13374183,0.6471032583550068,,INTERNET_Auction_Results_rus_2023_20231231.xlsx,2023,
2023-07-26,26243RMFS,ОФЗ-ПД,,5411.0,696507.024,92.53479999999999,92.6407,11.110000000000001,11.1,20460.706,11563.897,10824.69814293,0.5651758546357101,,INTERNET_Auction_Results_rus_2023_20231231.xlsx,2023,
2023-07-26,29024RMFS,ОФЗ-ПК,,4284.0,332408.733,95.99600000000001,96.002,,,206587.456,103010.312,100647.25276448,0.4986281064422421,,INTERNET_Auction_Results_rus_2023_20231231.xlsx,2023,
2023-08-02,26241RMFS,ОФЗ-ПД,,3395.0,83191.707,92.6051,92.7149,11.06,11.04,24672.072,17724.635,16728.67290419,0.7184088551622254,,INTERNET_Auction_Results_rus_2023_20231231.xlsx,2023,
2023-08-02,26238RMFS,ОФЗ-ПД,,6496.0,57076.604,70.28999999999999,70.3461,11.21,11.21,11377.207,5836.374,4170.38567822,0.5129882931724807,,INTERNET_Auction_Results_rus_2023_20231231.xlsx,2023,
2023-08-02,52005RMFS,ОФЗ-ИН,,3570.0,231468.94400322,95.05,95.2182,3.11,3.09,42576.27218586,33814.55752626,32524.14533449,0.7942113245294912,,INTERNET_Auction_Results_rus_2023_20231231.xlsx,2023,
2023-08-09,26243RMFS,ОФЗ-ПД,,5397.0,684943.127,,,,,10987.573,0.0,0.0,0.0,,INTERNET_Auction_Results_rus_2023_20231231.xlsx,2023,
2023-08-09,29024RMFS,ОФЗ-ПК,,4270.0,229398.421,95.961,95.9772,,,233932.611,94298.291,90678.35048031,0.4031002372730324,,INTERNET_Auction_Results_rus_2023_20231231.xlsx,2023,
2023-08-23,26241RMFS,ОФЗ-ПД,,3374.0,65467.072,91.19,91.2499,11.34,11.33,25782.116,7362.876,6881.48582047,0.28558074907428077,,INTERNET_Auction_Results_rus_2023_20231231.xlsx,2023,
2023-08-23,26238RMFS,ОФЗ-ПД,,6475.0,51240.23,69.5381,69.5915,11.35,11.35,14706.987,13105.86,9319.379726430001,0.891131541763109,,INTERNET_Auction_Results_rus_2023_20231231.xlsx,2023,
2023-08-23,52005RMFS,ОФЗ-ИН,,3549.0,198072.74548152,95.15,95.15010000000001,3.1,3.1,19570.113073419998,16268.8542107,15660.351668480002,0.8313112014051801,,INTERNET_Auction_Results_rus_2023_20231231.xlsx,2023,
2023-08-30,26243RMFS,ОФЗ-ПД,,5376.0,684943.127,90.95,91.0038,11.360000000000001,11.35,3300.89,1508.66,1401.69298662,0.45704643293172453,,INTERNET_Auction_Results_rus_2023_20231231.xlsx,2023,
2023-08-30,29024RMFS,ОФЗ-ПК,,4249.0,135100.13,96.3,96.3128,,,185187.145,55893.013,54256.35940689,0.3018190760487182,,INTERNET_Auction_Results_rus_2023_20231231.xlsx,2023,
2023-09-06,52005RMFS,ОФЗ-ИН,,3535.0,182081.71382047998,,,,,188.79049392,0.0,0.0,0.0,,INTERNET_Auction_Results_rus_2023_20231231.xlsx,2023,
2023-09-06,26241RMFS,ОФЗ-ПД,,3360.0,58104.196,,,,,2515.457,0.0,0.0,0.0,,INTERNET_Auction_Results_rus_2023_20231231.xlsx,2023,
2023-09-13,29024RMFS,ОФЗ-ПК,,4235.0,79207.117,96.3,96.3439,,,128851.294,73011.254,71229.72208744001,0.5666319035957839,,INTERNET_Auction_Results_rus_2023_20231231.xlsx,2023,
2023-09-20,26238RMFS,ОФЗ-ПД,,6447.0,38134.37,66.96,67.0241,11.84,11.83,15054.355,9403.942,6496.81834934,0.6246658857187837,,INTERNET_Auction_Results_rus_2023_20231231.xlsx,2023,
2023-09-20,26241RMFS,ОФЗ-ПД,,3346.0,58104.196,88.46509999999999,88.54429999999999,11.899999999999999,11.89,84206.884,7895.246,7222.99125165,0.09376010160879483,,INTERNET_Auction_Results_rus_2023_20231231.xlsx,2023,
2023-09-27,26243RMFS,ОФЗ-ПД,,5348.0,683434.467,,,,,10797.523,0.0,0.0,0.0,,INTERNET_Auction_Results_rus_2023_20231231.xlsx,2023,
2023-09-27,52005RMFS,ОФЗ-ИН,,3514.0,182543.57168966002,,,,,1679.63734738,0.0,0.0,0.0,,INTERNET_Auction_Results_rus_2023_20231231.xlsx,2023,
2023-10-04,29025RMFS,ОФЗ-ПК,,5061.0,750000.0,96.2,96.2002,,,157565.149,43411.507,41776.72115305,0.27551465076836246,,INTERNET_Auction_Results_rus_2023_20231231.xlsx,2023,
2023-10-11,26241RMFS,ОФЗ-ПД,,3325.0,50208.95,86.03,86.03,12.43,12.43,73472.366,50208.943,44946.04159474,0.6833717999499295,,INTERNET_Auction_Results_rus_2023_20231231.xlsx,2023,
2023-10-11,52005RMFS,ОФЗ-ИН,,3500.0,183019.58612187998,93.05,93.229,3.38,3.36,31217.820452760003,9359.004260360001,8860.591586370001,0.29979685079303997,,INTERNET_Auction_Results_rus_2023_20231231.xlsx,2023,
2023-10-18,26238RMFS,ОФЗ-ПД,,6419.0,28730.428,64.4,64.4828,12.36,12.34,20558.559,9274.529,6222.16901592,0.4511273868951613,,INTERNET_Auction_Results_rus_2023_20231231.xlsx,2023,
2023-10-18,26243RMFS,ОФЗ-ПД,,5327.0,683434.467,85.21,85.3523,12.32,12.3,5003.406,2073.831,1836.8807275400002,0.4144838535989284,,INTERNET_Auction_Results_rus_2023_20231231.xlsx,2023,
2023-10-25,29025RMFS,ОФЗ-ПК,,5040.0,706588.493,96.15,96.1935,,,159224.396,40727.905,39490.804242059996,0.2557893515262573,,INTERNET_Auction_Results_rus_2023_20231231.xlsx,2023,
2023-11-01,26244RMFS,ОФЗ-ПД,,3787.0,750000.0,94.89999999999999,94.9003,12.5,12.5,110519.98,70648.564,67220.19938958,0.6392379368870679,,INTERNET_Auction_Results_rus_2023_20231231.xlsx,2023,
2023-11-01,26238RMFS,ОФЗ-ПД,,6405.0,19455.899,63.754999999999995,63.754999999999995,12.5,12.5,65879.89,19455.886,12964.23520484,0.29532359571335043,,INTERNET_Auction_Results_rus_2023_20231231.xlsx,2023,
2023-11-08,26243RMFS,ОФЗ-ПД,,5306.0,681360.636,86.0359,86.0957,12.18,12.17,101312.164,42317.581,38035.77369918,0.41769496701304293,,INTERNET_Auction_Results_rus_2023_20231231.xlsx,2023,
2023-11-15,26244RMFS,ОФЗ-ПД,,3773.0,679351.436,97.61999999999999,97.69879999999999,11.99,11.98,144522.414,62563.827,61548.29574765,0.4329005118887649,,INTERNET_Auction_Results_rus_2023_20231231.xlsx,2023,
2023-11-15,52005RMFS,ОФЗ-ИН,,3465.0,174614.29959687998,89.96,90.0835,3.8,3.7900000000000005,26520.421967379996,21059.58263398,19326.00240535,0.7940892742914571,,INTERNET_Auction_Results_rus_2023_20231231.xlsx,2023,
2023-11-22,26243RMFS,ОФЗ-ПД,,5292.0,639043.055,88.0,88.0001,11.85,11.85,135733.021,67541.397,62247.562516800004,0.4976047575040711,,INTERNET_Auction_Results_rus_2023_20231231.xlsx,2023,
2023-11-29,26244RMFS,ОФЗ-ПД,,3759.0,616787.609,98.5498,98.5996,11.82,11.82,84954.761,40595.568,40477.6789338,0.4778492402562347,,INTERNET_Auction_Results_rus_2023_20231231.xlsx,2023,
2023-12-06,26243RMFS,ОФЗ-ПД,,5278.0,571501.658,86.4839,86.4955,12.11,12.11,68724.411,43376.884,37530.77472196,0.6311714188427167,,INTERNET_Auction_Results_rus_2023_20231231.xlsx,2023,
2023-12-13,26244RMFS,ОФЗ-ПД,,3745.0,30000.0,95.93350000000001,95.9596,12.3,12.3,54536.959,28131.282,27428.170785079998,0.5158205099041184,,INTERNET_Auction_Results_rus_2023_20231231.xlsx,2023,
2023-12-13,52005RMFS,ОФЗ-ИН,,3437.0,10452.0,87.03,87.0527,4.22,4.22,11860.683978,10451.997909599999,9114.445742119999,0.8812306211839952,,INTERNET_Auction_Results_rus_2023_20231231.xlsx,2023,
2023-12-20,26243RMFS,ОФЗ-ПД,,5264.0,10000.0,87.15,87.1501,12.0,12.0,24285.921,9999.989,8755.2989041,0.4117607481305733,,INTERNET_Auction_Results_rus_2023_20231231.xlsx,2023,
,,,,,,,,,,6030433.619378498,2845599.765270679,2624741.907636041,0.4718731595231371,,INTERNET_Auction_Results_rus_2023_20231231.xlsx,2023,
,,,,,,,,,,,,,,,INTERNET_Auction_Results_rus_2023_20231231.xlsx,2023,
,,,,,,,,,,,,,,,INTERNET_Auction_Results_rus_2024_20241231.xlsx,2024,
2024-01-17,26243RMFS,ОФЗ-ПД,,5236.0,518124.785,85.524,85.5704,12.280000000000001,,137221.776,97053.256,84169.80860543001,,0.7072729914237518,INTERNET_Auction_Results_rus_2024_20241231.xlsx,2024,Аукцион
2024-01-17,52005RMFS,ОФЗ-ИН,,3402.0,145266.98182536004,,,,,222.23247048,0.0,0.0,,0.0,INTERNET_Auction_Results_rus_2024_20241231.xlsx,2024,Аукцион
2024-01-24,26244RMFS,ОФЗ-ПД,,3703.0,548060.759,96.9105,96.9652,12.120000000000001,,101212.729,62700.344,62575.68878657,,0.6194906966691907,INTERNET_Auction_Results_rus_2024_20241231.xlsx,2024,Аукцион
2024-01-31,26226RMFS,ОФЗ-ПД,,980.0,10000.0,91.9,91.9,11.87,,28686.948,3993.632,3768.43110152,,0.13921425172172378,INTERNET_Auction_Results_rus_2024_20241231.xlsx,2024,Аукцион
2024-01-31,26243RMFS,ОФЗ-ПД,,5222.0,421071.529,85.99170000000001,85.9989,12.2,,117196.924,75049.616,65690.84926532,,0.6403718923544444,INTERNET_Auction_Results_rus_2024_20241231.xlsx,2024,Аукцион
2024-01-31,26243RMFS,ОФЗ-ПД,,5222.0,35002.706000000006,85.99170000000001,85.99170000000001,12.2,,,11649.48,10195.93943196,,,INTERNET_Auction_Results_rus_2024_20241231.xlsx,2024,ДРПА
2024-02-07,26207RMFS,ОФЗ-ПД,,1092.0,10000.0,91.3,91.3307,12.02,,15075.617,7845.463,7167.04602477,,0.5204074234573616,INTERNET_Auction_Results_rus_2024_20241231.xlsx,2024,Аукцион
2024-02-07,26244RMFS,ОФЗ-ПД,,3689.0,485360.415,96.2765,96.3358,12.24,,91627.387,70720.797,70439.8832277,,0.7718303371458143,INTERNET_Auction_Results_rus_2024_20241231.xlsx,2024,Аукцион
2024-02-07,26244RMFS,ОФЗ-ПД,,3689.0,16872.613999999998,96.3358,96.3358,12.23,,,753.883,750.8885766999999,,,INTERNET_Auction_Results_rus_2024_20241231.xlsx,2024,ДРПА
2024-02-14,26219RMFS,ОФЗ-ПД,,945.0,10000.0,91.14999999999999,91.1687,12.16,,16914.134,7060.35,6658.66581647,,0.4174230853320661,INTERNET_Auction_Results_rus_2024_20241231.xlsx,2024,Аукцион
2024-02-14,26243RMFS,ОФЗ-ПД,,5208.0,334372.433,84.588,84.6522,12.45,,85686.811,69010.087,59733.88401681001,,0.8053758354946831,INTERNET_Auction_Results_rus_2024_20241231.xlsx,2024,Аукцион
2024-02-14,26243RMFS,ОФЗ-ПД,,5208.0,13466.136,84.6522,84.6522,12.44,,,1044.9999999999998,904.53319,,,INTERNET_Auction_Results_rus_2024_20241231.xlsx,2024,ДРПА
2024-02-21,26226RMFS,ОФЗ-ПД,,959.0,10000.0,91.0,91.0185,12.4,,8871.27,5696.351,5351.0084003599995,,0.6421122342122378,INTERNET_Auction_Results_rus_2024_20241231.xlsx,2024,Аукцион
2024-02-21,26244RMFS,ОФЗ-ПД,,3675.0,413885.735,94.6599,94.66,12.55,,99920.003,53452.582,52575.41629758,,0.534953766964959,INTERNET_Auction_Results_rus_2024_20241231.xlsx,2024,Аукцион
2024-02-21,26244RMFS,ОФЗ-ПД,,3675.0,28402.225000000002,94.66,94.66,12.55,,,21699.785,21343.69152815,,,INTERNET_Auction_Results_rus_2024_20241231.xlsx,2024,ДРПА
2024-02-28,52005RMFS,ОФЗ-ИН,,3360.0,147371.76174359,81.05,81.0878,5.17,,12322.626834939998,8943.8308339,7313.00641684,,0.7258055407910556,INTERNET_Auction_Results_rus_2024_20241231.xlsx,2024,Аукцион
2024-02-28,26243RMFS,ОФЗ-ПД,,5194.0,264317.34599999996,83.0606,83.0631,12.73,,75476.732,43738.035,37328.279671079996,,0.5794903123256582,INTERNET_Auction_Results_rus_2024_20241231.xlsx,2024,Аукцион
2024-02-28,26243RMFS,ОФЗ-ПД,,5194.0,27296.711,83.0631,83.0631,12.73,,,4628.078,3949.83779718,,,INTERNET_Auction_Results_rus_2024_20241231.xlsx,2024,ДРПА
2024-03-06,26207RMFS,ОФЗ-ПД,,1064.0,10000.0,90.0,90.0001,12.72,,8507.372,5024.059,4554.216259530001,,0.5905535810588747,INTERNET_Auction_Results_rus_2024_20241231.xlsx,2024,Аукцион
2024-03-06,26244RMFS,ОФЗ-ПД,,3661.0,338733.368,92.7405,92.7915,12.93,,110487.513,72275.54,70051.27561848001,,0.6541512071142374,INTERNET_Auction_Results_rus_2024_20241231.xlsx,2024,Аукцион
2024-03-06,26244RMFS,ОФЗ-ПД,,3661.0,18125.868000000002,92.7915,92.7915,12.920000000000002,,,510.0,494.30475,,,INTERNET_Auction_Results_rus_2024_20241231.xlsx,2024,ДРПА
2024-03-13,26219RMFS,ОФЗ-ПД,,917.0,10000.0,,,,,13834.049,0.0,0.0,,0.0,INTERNET_Auction_Results_rus_2024_20241231.xlsx,2024,Аукцион
2024-03-13,26243RMFS,ОФЗ-ПД,,5180.0,3.0,80.84949999999999,80.8577,13.15,,86075.139,48969.121,40896.911779,,0.5689113206079168,INTERNET_Auction_Results_rus_2024_20241231.xlsx,2024,Аукцион
2024-03-13,26243RMFS,ОФЗ-ПД,,5180.0,28801.032,80.8577,80.8577,13.15,,,500.0,417.5785,,,INTERNET_Auction_Results_rus_2024_20241231.xlsx,2024,ДРПА
2024-03-20,26244RMFS,ОФЗ-ПД,,3647.0,265947.828,90.27,90.3178,13.44,,113781.563,95094.188,90225.15921349,,0.835760957159641,INTERNET_Auction_Results_rus_2024_20241231.xlsx,2024,Аукцион
2024-03-27,26226RMFS,ОФЗ-ПД,,924.0,20000.0,89.706,89.71379999999999,13.25,,25292.902,8877.915,8291.51180969,,0.35100420663473103,INTERNET_Auction_Results_rus_2024_20241231.xlsx,2024,Аукцион
2024-03-27,26243RMFS,ОФЗ-ПД,,5166.0,166482.112,78.8369,78.83829999999999,13.55,,79429.363,28258.06,23135.528727150002,,0.35576339696945575,INTERNET_Auction_Results_rus_2024_20241231.xlsx,2024,Аукцион
2024-03-27,26243RMFS,ОФЗ-ПД,,5166.0,43460.901,78.83829999999999,78.83829999999999,13.55,,,23273.794,19054.79044505,,,INTERNET_Auction_Results_rus_2024_20241231.xlsx,2024,ДРПА
2024-04-03,52005RMFS,ОФЗ-ИН,,3325.0,139614.93260575,,,,,10842.357134,0.0,0.0,,0.0,INTERNET_Auction_Results_rus_2024_20241231.xlsx,2024,Аукцион
2024-04-03,26242RMFS,ОФЗ-ПД,,1974.0,255832.914,85.04260000000001,85.0438,13.34,,124476.861,54758.883,46960.576269100005,,0.4399121455994942,INTERNET_Auction_Results_rus_2024_20241231.xlsx,2024,Аукцион
2024-04-03,26242RMFS,ОФЗ-ПД,,1974.0,39013.491,85.0438,85.0438,13.34,,,33913.166,29083.52420361,,,INTERNET_Auction_Results_rus_2024_20241231.xlsx,2024,ДРПА
2024-04-10,26219RMFS,ОФЗ-ПД,,889.0,20000.0,89.36,89.3639,13.4,,23212.206,7030.799,6315.83150004,,0.30289232311655345,INTERNET_Auction_Results_rus_2024_20241231.xlsx,2024,Аукцион
2024-04-10,26244RMFS,ОФЗ-ПД,,3626.0,170853.64,88.8609,88.8665,13.74,,99859.767,50711.968,45300.235257659995,,0.5078318278070887,INTERNET_Auction_Results_rus_2024_20241231.xlsx,2024,Аукцион
2024-04-10,26244RMFS,ОФЗ-ПД,,3626.0,23961.248,88.8665,88.8665,13.74,,,17475.255,15610.38316268,,,INTERNET_Auction_Results_rus_2024_20241231.xlsx,2024,ДРПА
2024-04-17,26207RMFS,ОФЗ-ПД,,1022.0,20000.0,88.671,88.6862,13.530000000000001,,21251.236,8944.191,8074.02657351,,0.42087862560088274,INTERNET_Auction_Results_rus_2024_20241231.xlsx,2024,Аукцион
2024-04-17,26244RMFS,ОФЗ-ПД,,3619.0,102666.417,88.586,88.5933,13.8,,119992.94,71169.387,63533.825581979996,,0.5931131198218829,INTERNET_Auction_Results_rus_2024_20241231.xlsx,2024,Аукцион
2024-04-24,26243RMFS,ОФЗ-ПД,,5138.0,114950.258,77.9025,77.9419,13.750000000000002,,108159.746,75782.762,61935.67698737,,0.7006558798686529,INTERNET_Auction_Results_rus_2024_20241231.xlsx,2024,Аукцион
2024-05-08,26244RMFS,ОФЗ-ПД,,3598.0,31497.03,88.29,88.3208,13.87,,24474.524,15627.958,14029.18533532,,0.638539813889741,INTERNET_Auction_Results_rus_2024_20241231.xlsx,2024,Аукцион
2024-05-08,26242RMFS,ОФЗ-ПД,,1939.0,167160.865,83.325,83.3547,13.95,,87041.937,71811.814,61062.78603957,,0.8250254587050377,INTERNET_Auction_Results_rus_2024_20241231.xlsx,2024,Аукцион
2024-05-15,26226RMFS,ОФЗ-ПД,,875.0,20000.0,,,,,6041.786,0.0,0.0,,0.0,INTERNET_Auction_Results_rus_2024_20241231.xlsx,2024,Аукцион
2024-05-15,26247RMFS,ОФЗ-ПД,,5474.0,750000.0,,,,,45327.959,0.0,0.0,,0.0,INTERNET_Auction_Results_rus_2024_20241231.xlsx,2024,Аукцион
2024-05-22,26246RMFS,ОФЗ-ПД,,4312.0,750000.0,89.55149999999999,89.5783,14.299999999999999,,34443.55,11156.877,10023.4813225,,0.32391774367044046,INTERNET_Auction_Results_rus_2024_20241231.xlsx,2024,Аукцион
2024-05-22,26246RMFS,ОФЗ-ПД,,4312.0,12460.033,89.5783,89.5783,14.299999999999999,,,5300.0,4761.5889,,,INTERNET_Auction_Results_rus_2024_20241231.xlsx,2024,ДРПА
2024-06-19,26245RMFS,ОФЗ-ПД,,4116.0,500000.0,,,,,18763.547,0.0,0.0,,0.0,INTERNET_Auction_Results_rus_2024_20241231.xlsx,2024,Аукцион
2024-06-19,29025RMFS,ОФЗ-ПК,,4802.0,665860.588,97.3,97.3,,,248000.761,20657.295,20297.04030875,,0.08329528875921473,INTERNET_Auction_Results_rus_2024_20241231.xlsx,2024,Аукцион
2024-06-19,29025RMFS,ОФЗ-ПК,,4802.0,43512.600999999995,,,,,,0.0,0.0,,,INTERNET_Auction_Results_rus_2024_20241231.xlsx,2024,ДРПА
2024-06-26,26244RMFS,ОФЗ-ПД,,3549.0,15869.072,82.01,82.0101,15.340000000000002,,45322.114,15869.063,13464.27930493,,0.3501395146748892,INTERNET_Auction_Results_rus_2024_20241231.xlsx,2024,Аукцион
2024-06-26,29025RMFS,ОФЗ-ПК,,4795.0,645203.293,97.0,97.0441,,,261912.694,45292.49,44521.182400620004,,0.17292972443710575,INTERNET_Auction_Results_rus_2024_20241231.xlsx,2024,Аукцион
2024-07-03,26248RMFS,ОФЗ-ПД,,5796.0,750000.0,83.82,83.9113,15.479999999999999,,42413.079,14783.694,12653.258342619998,,0.348564507660479,INTERNET_Auction_Results_rus_2024_20241231.xlsx,2024,Аукцион
2024-07-03,29025RMFS,ОФЗ-ПК,,4788.0,599910.803,96.89999999999999,96.9281,,,192022.415,54161.641,53335.70713579,,0.2820589512948267,INTERNET_Auction_Results_rus_2024_20241231.xlsx,2024,Аукцион
2024-07-10,26247RMFS,ОФЗ-ПД,,5418.0,750000.0,83.312,83.3134,15.65,,23160.053,14613.4,12454.47719426,,0.6309743764403303,INTERNET_Auction_Results_rus_2024_20241231.xlsx,2024,Аукцион
2024-07-10,29025RMFS,ОФЗ-ПК,,4781.0,545749.162,96.73,96.77,,,216664.941,12601.119,12427.345051539998,,0.05815947398707205,INTERNET_Auction_Results_rus_2024_20241231.xlsx,2024,Аукцион
2024-07-10,29025RMFS,ОФЗ-ПК,,4781.0,27061.552,,,,,,0.0,0.0,,,INTERNET_Auction_Results_rus_2024_20241231.xlsx,2024,ДРПА
2024-07-17,26246RMFS,ОФЗ-ПД,,4256.0,733543.123,,,,,20161.439,0.0,0.0,,0.0,INTERNET_Auction_Results_rus_2024_20241231.xlsx,2024,Аукцион
2024-07-17,29025RMFS,ОФЗ-ПК,,4774.0,533148.043,96.501,96.52,,,220796.16,16000.409999999998,15788.8897626,,0.07246688529365727,INTERNET_Auction_Results_rus_2024_20241231.xlsx,2024,Аукцион
2024-07-24,29025RMFS,ОФЗ-ПК,,4767.0,517147.6329999999,96.21,96.2414,,,219737.074,46526.844,45927.28496942,,0.21173870732437258,INTERNET_Auction_Results_rus_2024_20241231.xlsx,2024,Аукцион
2024-07-24,26248RMFS,ОФЗ-ПД,,5775.0,735216.306,,,,,22600.987,0.0,0.0,,0.0,INTERNET_Auction_Results_rus_2024_20241231.xlsx,2024,Аукцион
2024-07-31,29025RMFS,ОФЗ-ПК,,4760.0,470620.789,95.96000000000001,95.9975,,,218767.041,38000.612,37531.88563128,,0.1737035516241224,INTERNET_Auction_Results_rus_2024_20241231.xlsx,2024,Аукцион
2024-08-07,29025RMFS,ОФЗ-ПК,,4753.0,432620.177,95.7,95.7397,,,236657.122,46470.944,45924.76908999,,0.1963640206864343,INTERNET_Auction_Results_rus_2024_20241231.xlsx,2024,Аукцион
2024-08-07,26247RMFS,ОФЗ-ПД,,5390.0,735386.6,82.55,82.67320000000001,15.82,,86468.529,16775.105,14347.105261409999,,0.19400243295453773,INTERNET_Auction_Results_rus_2024_20241231.xlsx,2024,Аукцион
2024-08-14,26246RMFS,ОФЗ-ПД,,4228.0,733543.123,84.1768,84.2223,15.459999999999999,,56191.473,18932.102,16517.75288951,,0.33692126205696726,INTERNET_Auction_Results_rus_2024_20241231.xlsx,2024,Аукцион
2024-08-14,26248RMFS,ОФЗ-ПД,,5754.0,735216.306,83.48,83.9581,15.559999999999999,,39918.784,26367.299,22951.70303914,,0.660523602121748,INTERNET_Auction_Results_rus_2024_20241231.xlsx,2024,Аукцион
2024-08-14,26248RMFS,ОФЗ-ПД,,5754.0,7086.9,,,,,,0.0,0.0,,,INTERNET_Auction_Results_rus_2024_20241231.xlsx,2024,ДРПА
2024-08-21,29025RMFS,ОФЗ-ПК,,4739.0,386149.233,95.5,95.581,,,227151.071,34050.949,33823.14020442,,0.1499044175759136,INTERNET_Auction_Results_rus_2024_20241231.xlsx,2024,Аукцион
2024-08-21,26245RMFS,ОФЗ-ПД,,4053.0,500000.0,82.177,82.1781,15.989999999999998,,54285.112,33597.539,28703.420150010003,,0.6189089008419103,INTERNET_Auction_Results_rus_2024_20241231.xlsx,2024,Аукцион
2024-08-28,29025RMFS,ОФЗ-ПК,,4732.0,352098.284,95.35,95.363,,,242404.298,36394.424,34724.64082321,,0.15013935107701762,INTERNET_Auction_Results_rus_2024_20241231.xlsx,2024,Аукцион
2024-08-28,26247RMFS,ОФЗ-ПД,,5369.0,718611.495,81.012,81.0169,16.16,,56560.221,23757.934,20093.00385528,,0.4200466967765208,INTERNET_Auction_Results_rus_2024_20241231.xlsx,2024,Аукцион
2024-09-04,29025RMFS,ОФЗ-ПК,,4725.0,315703.86,95.19999999999999,95.2464,,,123961.523,37918.346,36266.40243883,,0.3058880294654011,INTERNET_Auction_Results_rus_2024_20241231.xlsx,2024,Аукцион
2024-09-04,26245RMFS,ОФЗ-ПД,,4039.0,466402.461,,,,,51815.807,0.0,0.0,,0.0,INTERNET_Auction_Results_rus_2024_20241231.xlsx,2024,Аукцион
2024-09-11,29025RMFS,ОФЗ-ПК,,4718.0,277785.514,94.85,94.89760000000001,,,242230.645,67178.411,64257.23767901,,0.2773324200990341,INTERNET_Auction_Results_rus_2024_20241231.xlsx,2024,Аукцион
2024-09-11,26248RMFS,ОФЗ-ПД,,5726.0,708849.007,81.46,81.5338,15.989999999999998,,78712.488,30738.613,26300.194367309996,,0.3905176139267762,INTERNET_Auction_Results_rus_2024_20241231.xlsx,2024,Аукцион
2024-09-18,29025RMFS,ОФЗ-ПК,,4711.0,210607.103,94.505,94.5553,,,225075.37,52700.76,50412.1314697,,0.23414716590269297,INTERNET_Auction_Results_rus_2024_20241231.xlsx,2024,Аукцион
2024-09-18,26246RMFS,ОФЗ-ПД,,4193.0,714611.021,80.36,80.37440000000001,16.37,,47729.925,11122.279,9403.93219451,,0.2330252771191239,INTERNET_Auction_Results_rus_2024_20241231.xlsx,2024,Аукцион
2024-09-18,26246RMFS,ОФЗ-ПД,,4193.0,11540.044,80.37440000000001,80.37440000000001,16.37,,,490.0,414.29696,,,INTERNET_Auction_Results_rus_2024_20241231.xlsx,2024,ДРПА
2024-09-25,29025RMFS,ОФЗ-ПК,,4704.0,157906.343,94.26,94.3048,,,154925.759,30649.002,29350.02808702,,0.19783025235977705,INTERNET_Auction_Results_rus_2024_20241231.xlsx,2024,Аукцион
2024-09-25,26247RMFS,ОФЗ-ПД,,5341.0,694853.561,79.4196,79.4207,16.53,,45269.46,12228.411,10261.80262301,,0.27012495841567363,INTERNET_Auction_Results_rus_2024_20241231.xlsx,2024,Аукцион
2024-09-25,26247RMFS,ОФЗ-ПД,,5341.0,7599.352,79.4207,79.4207,16.53,,,27.5,23.0773675,,,INTERNET_Auction_Results_rus_2024_20241231.xlsx,2024,ДРПА
2024-10-02,29025RMFS,ОФЗ-ПК,,4697.0,127257.341,93.94,94.0128,0.0,,97570.016,27716.703,26558.92686241,,0.2840698826983896,INTERNET_Auction_Results_rus_2024_20241231.xlsx,2024,Аукцион
2024-10-02,26245RMFS,ОФЗ-ПД,,4011.0,466402.461,79.55489999999999,79.57,16.650000000000002,,9111.087,7489.722,6306.795323820001,,0.8220448339479143,INTERNET_Auction_Results_rus_2024_20241231.xlsx,2024,Аукцион
2024-10-09,29025RMFS,ОФЗ-ПК,,4690.0,99540.638,93.55,93.5501,,,44109.943,5000.976,4786.44018565,,0.11337525419155495,INTERNET_Auction_Results_rus_2024_20241231.xlsx,2024,Аукцион
2024-10-09,29024RMFS,ОФЗ-ПК,,3843.0,6195.863,,,,,3815.646,0.0,0.0,,0.0,INTERNET_Auction_Results_rus_2024_20241231.xlsx,2024,Аукцион
2024-10-16,26242RMFS,ОФЗ-ПД,,1778.0,95349.051,72.46050000000001,72.4919,18.43,,34735.607,24058.991,17695.84975411,,0.6926319439300427,INTERNET_Auction_Results_rus_2024_20241231.xlsx,2024,Аукцион
2024-10-16,26248RMFS,ОФЗ-ПД,,5691.0,678110.394,76.85,76.8797,17.06,,13445.404,9571.628,7856.557094520001,,0.7118884638944282,INTERNET_Auction_Results_rus_2024_20241231.xlsx,2024,Аукцион
2024-10-23,29025RMFS,ОФЗ-ПК,,4676.0,94539.662,,,,,51716.472,0.0,0.0,,0.0,INTERNET_Auction_Results_rus_2024_20241231.xlsx,2024,Аукцион
2024-10-23,26245RMFS,ОФЗ-ПД,,3990.0,458912.739,,,,,1665.161,0.0,0.0,,0.0,INTERNET_Auction_Results_rus_2024_20241231.xlsx,2024,Аукцион
2024-10-30,29025RMFS,ОФЗ-ПК,,4669.0,94539.662,,,,,55510.382,0.0,0.0,,0.0,INTERNET_Auction_Results_rus_2024_20241231.xlsx,2024,Аукцион
2024-10-30,26243RMFS,ОФЗ-ПД,,4949.0,39167.496,62.629999999999995,62.84610000000001,17.61,,49468.376,39167.486,26171.75463085,,0.7917681793313773,INTERNET_Auction_Results_rus_2024_20241231.xlsx,2024,Аукцион
2024-11-06,29025RMFS,ОФЗ-ПК,,4662.0,94539.662,,,,,63351.633,0.0,0.0,,0.0,INTERNET_Auction_Results_rus_2024_20241231.xlsx,2024,Аукцион
2024-11-06,26247RMFS,ОФЗ-ПД,,5299.0,682597.65,75.0,75.27080000000001,17.630000000000003,,23699.459,4861.316,3946.30883341,,0.20512350092042186,INTERNET_Auction_Results_rus_2024_20241231.xlsx,2024,Аукцион
2024-11-13,26246RMFS,ОФЗ-ПД,,4137.0,702998.742,78.5401,78.60629999999999,16.84,,65979.237,39844.496,31975.33145138,,0.6038944645570848,INTERNET_Auction_Results_rus_2024_20241231.xlsx,2024,Аукцион
2024-11-13,26248RMFS,ОФЗ-ПД,,5663.0,668538.766,77.36,77.3767,16.950000000000003,,72393.282,49107.217,41013.72563471,,0.6783394210529092,INTERNET_Auction_Results_rus_2024_20241231.xlsx,2024,Аукцион
2024-11-13,26248RMFS,ОФЗ-ПД,,5663.0,7953.372,77.3767,77.3767,16.950000000000003,,,3980.0,3324.04426,,,INTERNET_Auction_Results_rus_2024_20241231.xlsx,2024,ДРПА
2024-11-20,26247RMFS,ОФЗ-ПД,,5285.0,677736.334,76.25070000000001,76.33,17.32,,50203.858,26025.114,21524.595812280004,,0.5183887262210009,INTERNET_Auction_Results_rus_2024_20241231.xlsx,2024,Аукцион
2024-11-20,26247RMFS,ОФЗ-ПД,,5285.0,12084.73,76.33,76.33,17.31,,,11500.0,9511.305,,,INTERNET_Auction_Results_rus_2024_20241231.xlsx,2024,ДРПА
2024-11-27,26245RMFS,ОФЗ-ПД,,3955.0,458912.739,76.9,76.9109,17.36,,32712.494999999995,5243.055,4118.6769958800005,,0.16027683000027973,INTERNET_Auction_Results_rus_2024_20241231.xlsx,2024,Аукцион
2024-12-04,26246RMFS,ОФЗ-ПД,,4116.0,663154.246,76.0637,76.0679,17.49,,33123.85,27956.054,21918.06934432,,0.843985647803622,INTERNET_Auction_Results_rus_2024_20241231.xlsx,2024,Аукцион
2024-12-04,29026RMFS,ОФЗ-ПК,,5022.0,1000000.0,93.4971,93.5201,,,1588730.985,999999.999,935761.14145489,,0.6294331818548877,INTERNET_Auction_Results_rus_2024_20241231.xlsx,2024,Аукцион
2024-12-11,29027RMFS,ОФЗ-ПК,,4292.0,1000000.0,93.88499999999999,93.9846,,,1840139.677,999733.835,940165.97436778,,0.5432923638872225,INTERNET_Auction_Results_rus_2024_20241231.xlsx,2024,Аукцион
2024-12-11,26248RMFS,ОФЗ-ПД,,5635.0,615451.549,75.16000000000001,75.1815,17.5,,15060.904,12318.489,9294.237982960001,,0.8179116605483973,INTERNET_Auction_Results_rus_2024_20241231.xlsx,2024,Аукцион
2024-12-18,52005RMFS,ОФЗ-ИН,,3066.0,147260.62000095999,,,,,6452.7528588800005,0.0,0.0,,0.0,INTERNET_Auction_Results_rus_2024_20241231.xlsx,2024,Аукцион
2024-12-18,26246RMFS,ОФЗ-ПД,,4102.0,635198.192,,,,,12536.25,0.0,0.0,,0.0,INTERNET_Auction_Results_rus_2024_20241231.xlsx,2024,Аукцион
2024-12-25,26247RMFS,ОФЗ-ПД,,5250.0,640211.22,79.9,79.9783,16.45,,50315.12,16739.908,13551.172509369999,,0.33270134305552684,INTERNET_Auction_Results_rus_2024_20241231.xlsx,2024,Аукцион
2024-12-25,26242RMFS,ОФЗ-ПД,,1708.0,71290.06,78.2515,78.252,16.35,,64959.445,50646.675,41043.57445918999,,0.7796660670361332,INTERNET_Auction_Results_rus_2024_20241231.xlsx,2024,Аукцион
2024-12-25,26247RMFS,ОФЗ-ПД,,5250.0,8869.9,79.9783,79.9783,16.439999999999998,,,6240.0,5051.36112,,,INTERNET_Auction_Results_rus_2024_20241231.xlsx,2024,ДРПА
,,,,,,,,,,9933454.8942983,4376614.1568339,4007481.08806937,,0.44059334877999307,INTERNET_Auction_Results_rus_2024_20241231.xlsx,2024,
,,,,,,,,,,,,,,,INTERNET_Auction_Results_rus_2024_20241231.xlsx,2024,
,,,,,,,,,,,,,,,INTERNET_Auction_Results_rus_2025_20251231.xlsx,2025,
2025-01-15,26248RMFS,ОФЗ-ПД,,5600.0,603133.06,77.99000000000001,78.017,16.81,,13466.167,5654.485,4493.05553197,,0.41990308006725297,INTERNET_Auction_Results_rus_2025_20251231.xlsx,2025,Аукцион
2025-01-15,26245RMFS,ОФЗ-ПД,,3906.0,453669.684,79.08500000000001,79.1585,16.81,,10013.661,4012.702,3307.0079789300003,,0.4007227726203234,INTERNET_Auction_Results_rus_2025_20251231.xlsx,2025,Аукцион
2025-01-15,26248RMFS,ОФЗ-ПД,,5600.0,4866.083,78.017,78.017,16.81,,,315.0,250.299,,,INTERNET_Auction_Results_rus_2025_20251231.xlsx,2025,ДРПА
2025-01-22,26247RMFS,ОФЗ-ПД,,5222.0,617231.312,77.416,77.4751,17.04,,55250.609,32951.12300000001,26159.27692631,,0.5963938424642524,INTERNET_Auction_Results_rus_2025_20251231.xlsx,2025,Аукцион
2025-01-22,26247RMFS,ОФЗ-ПД,,5222.0,7063.435,77.4751,77.4751,17.03,,,4876.5,3871.3606965,,,INTERNET_Auction_Results_rus_2025_20251231.xlsx,2025,ДРПА
2025-01-29,26235RMFS,ОФЗ-ПД,,2233.0,50000.0,61.008399999999995,61.041999999999994,16.82,,36286.805,17605.994,11128.391437600001,,0.48518997470292574,INTERNET_Auction_Results_rus_2025_20251231.xlsx,2025,Аукцион
2025-01-29,26238RMFS,ОФЗ-ПД,,5950.0,50000.0,50.61,50.786,16.08,,73562.707,49999.99,25947.47780578,,0.67969208909074,INTERNET_Auction_Results_rus_2025_20251231.xlsx,2025,Аукцион
2025-01-29,26235RMFS,ОФЗ-ПД,,2233.0,12144.938,61.041999999999994,61.041999999999994,16.81,,,5594.746,3536.32705168,,,INTERNET_Auction_Results_rus_2025_20251231.xlsx,2025,ДРПА
2025-02-05,26228RMFS,ОФЗ-ПД,,1890.0,50000.0,69.35,69.3657,17.419999999999998,,29661.365,12677.061,9093.855188619998,,0.42739304141936824,INTERNET_Auction_Results_rus_2025_20251231.xlsx,2025,Аукцион
2025-02-05,26246RMFS,ОФЗ-ПД,,4053.0,635198.192,76.179,76.21520000000001,17.5,,39978.816,33474.100999999995,26987.23569707,,0.8372959569387947,INTERNET_Auction_Results_rus_2025_20251231.xlsx,2025,Аукцион
2025-02-05,26228RMFS,ОФЗ-ПД,,1890.0,14205.196,69.3657,69.3657,17.41,,,7205.146,5168.58986766,,,INTERNET_Auction_Results_rus_2025_20251231.xlsx,2025,ДРПА
2025-02-05,26246RMFS,ОФЗ-ПД,,4053.0,5020.780000000001,76.21520000000001,76.21520000000001,17.49,,,17.35,13.9877782,,,INTERNET_Auction_Results_rus_2025_20251231.xlsx,2025,ДРПА
2025-02-12,26233RMFS,ОФЗ-ПД,,3808.0,50000.0,49.82,49.8401,16.900000000000002,,153914.712,49999.978,25045.53679002,,0.3248550924748506,INTERNET_Auction_Results_rus_2025_20251231.xlsx,2025,Аукцион
2025-02-12,26248RMFS,ОФЗ-ПД,,5572.0,597163.575,76.63,76.7252,17.14,,192267.794,174757.582,138247.58383603,,0.9089280027834511,INTERNET_Auction_Results_rus_2025_20251231.xlsx,2025,Аукцион
2025-02-19,26247RMFS,ОФЗ-ПД,,5194.0,579403.689,79.282,79.3805,16.6,,186765.426,122868.922,101039.36940995,,0.6578783055917427,INTERNET_Auction_Results_rus_2025_20251231.xlsx,2025,Аукцион
2025-02-19,26245RMFS,ОФЗ-ПД,,3871.0,449656.982,80.2299,80.3327,16.54,,112194.016,67824.895,57473.93545638,,0.6045321971539017,INTERNET_Auction_Results_rus_2025_20251231.xlsx,2025,Аукцион
2025-02-19,26245RMFS,ОФЗ-ПД,,3871.0,12695.823,80.3327,80.3327,16.520000000000003,,,10690.0,9058.56703,,,INTERNET_Auction_Results_rus_2025_20251231.xlsx,2025,ДРПА
2025-02-26,26225RMFS,ОФЗ-ПД,,3360.0,50000.0,60.57,60.6059,15.989999999999998,,84532.889,49999.991,31285.94941785,,0.5914856524068401,INTERNET_Auction_Results_rus_2025_20251231.xlsx,2025,Аукцион
2025-02-26,26248RMFS,ОФЗ-ПД,,5558.0,422405.993,79.3651,79.3681,16.5,,239844.607,142411.681,117092.44444061999,,0.5937664506252585,INTERNET_Auction_Results_rus_2025_20251231.xlsx,2025,Аукцион
2025-03-05,26230RMFS,ОФЗ-ПД,,5124.0,50000.0,57.699999999999996,57.8086,15.559999999999999,,63902.155,44231.515,27015.55805214,,0.6921756394600463,INTERNET_Auction_Results_rus_2025_20251231.xlsx,2025,Аукцион
2025-03-05,26246RMFS,ОФЗ-ПД,,4025.0,601706.741,81.35,81.3569,16.2,,312805.446,173750.533,150612.01074295,,0.5554587850749887,INTERNET_Auction_Results_rus_2025_20251231.xlsx,2025,Аукцион
2025-03-05,26230RMFS,ОФЗ-ПД,,5124.0,5768.485,57.8086,57.8086,15.53,,,5291.624,3231.99694023,,,INTERNET_Auction_Results_rus_2025_20251231.xlsx,2025,ДРПА
2025-03-12,26247RMFS,ОФЗ-ПД,,5173.0,456534.767,85.0,85.0002,15.35,,234815.72,173484.829,153633.29726975,,0.7388126697820742,INTERNET_Auction_Results_rus_2025_20251231.xlsx,2025,Аукцион
2025-03-12,26245RMFS,ОФЗ-ПД,,3850.0,371142.087,85.2411,85.28569999999999,15.35,,115696.053,72049.739,65119.78713426,,0.6227501901037195,INTERNET_Auction_Results_rus_2025_20251231.xlsx,2025,Аукцион
2025-03-19,26238RMFS,ОФЗ-ПД,,5901.0,100000.0,56.277,56.3105,14.469999999999999,,87089.161,47408.854,27673.728474509997,,0.5443714631720933,INTERNET_Auction_Results_rus_2025_20251231.xlsx,2025,Аукцион
2025-03-19,26246RMFS,ОФЗ-ПД,,4011.0,427956.208,87.2685,87.2727,14.85,,74357.379,41594.055,38707.299890379996,,0.5593803272705457,INTERNET_Auction_Results_rus_2025_20251231.xlsx,2025,Аукцион
2025-03-19,26238RMFS,ОФЗ-ПД,,5901.0,16316.509,56.3105,56.3105,14.469999999999999,,,8850.0,5165.96625,,,INTERNET_Auction_Results_rus_2025_20251231.xlsx,2025,ДРПА
2025-03-26,26218RMFS,ОФЗ-ПД,,2366.0,100000.0,74.29,74.3648,15.35,,21256.168,9702.145,7217.21368299,,0.45643904395185436,INTERNET_Auction_Results_rus_2025_20251231.xlsx,2025,Аукцион
2025-03-26,26240RMFS,ОФЗ-ПД,,4144.0,50000.0,58.335,58.36130000000001,15.160000000000002,,42472.102,19465.929,11521.16296957,,0.45832271263616764,INTERNET_Auction_Results_rus_2025_20251231.xlsx,2025,Аукцион
2025-03-26,26218RMFS,ОФЗ-ПД,,2366.0,7343.92,74.3648,74.3648,15.329999999999998,,,3805.0,2830.4557900000004,,,INTERNET_Auction_Results_rus_2025_20251231.xlsx,2025,ДРПА
2025-03-26,26240RMFS,ОФЗ-ПД,,4144.0,17861.724,58.36130000000001,58.36130000000001,15.15,,,10320.0,6108.026160000001,,,INTERNET_Auction_Results_rus_2025_20251231.xlsx,2025,ДРПА
2025-04-02,26247RMFS,ОФЗ-ПД,,5152.0,283049.938,83.8,83.8468,15.61,,71418.925,33160.148,29217.007952300002,,0.4643047763600474,INTERNET_Auction_Results_rus_2025_20251231.xlsx,2025,Аукцион
2025-04-02,26247RMFS,ОФЗ-ПД,,5152.0,15902.373000000001,,,,,,0.0,0.0,,,INTERNET_Auction_Results_rus_2025_20251231.xlsx,2025,ДРПА
2025-04-09,26221RMFS,ОФЗ-ПД,,2905.0,50000.0,64.1,64.1232,16.400000000000002,,52829.199,6849.282,4403.553672110001,,0.1296495523242743,INTERNET_Auction_Results_rus_2025_20251231.xlsx,2025,Аукцион
2025-04-09,52005RMFS,ОФЗ-ИН,,2954.0,153339.15483013002,,,,,3112.63750203,0.0,0.0,,0.0,INTERNET_Auction_Results_rus_2025_20251231.xlsx,2025,Аукцион
2025-04-09,26221RMFS,ОФЗ-ПД,,2905.0,36201.403999999995,,,,,,0.0,0.0,,,INTERNET_Auction_Results_rus_2025_20251231.xlsx,2025,ДРПА
2025-04-16,26242RMFS,ОФЗ-ПД,,1596.0,50000.0,79.05,79.0688,16.439999999999998,,68554.31,49999.997,40064.40540418,,0.7293487017811134,INTERNET_Auction_Results_rus_2025_20251231.xlsx,2025,Аукцион
2025-04-16,26248RMFS,ОФЗ-ПД,,5509.0,279994.312,81.08800000000001,81.1868,16.12,,130807.616,62113.71,53221.37915641,,0.47484781008469723,INTERNET_Auction_Results_rus_2025_20251231.xlsx,2025,Аукцион
2025-04-16,26248RMFS,ОФЗ-ПД,,5509.0,9892.936000000002,81.1868,81.1868,16.1,,,7686.894,6586.42288117,,,INTERNET_Auction_Results_rus_2025_20251231.xlsx,2025,ДРПА
2025-04-23,26245RMFS,ОФЗ-ПД,,3808.0,299092.348,82.44200000000001,82.5046,16.03,,145272.401,39586.812,32856.09585308,,0.27250056946467066,INTERNET_Auction_Results_rus_2025_20251231.xlsx,2025,Аукцион
2025-04-23,26238RMFS,ОФЗ-ПД,,5866.0,43741.146,53.38,53.4551,15.290000000000001,,29447.842,17244.975,9691.351205719999,,0.585610823366955,INTERNET_Auction_Results_rus_2025_20251231.xlsx,2025,Аукцион
2025-04-23,26245RMFS,ОФЗ-ПД,,3808.0,39750.990000000005,82.5046,82.5046,16.02,,,37749.601,31331.262839570005,,,INTERNET_Auction_Results_rus_2025_20251231.xlsx,2025,ДРПА
2025-04-30,26235RMFS,ОФЗ-ПД,,2142.0,26799.26,63.91,63.9976,16.09,,39013.976,26799.258,17354.5462156,,0.686914299634572,INTERNET_Auction_Results_rus_2025_20251231.xlsx,2025,Аукцион
2025-04-30,26246RMFS,ОФЗ-ПД,,3969.0,386362.153,81.673,81.7371,16.14,,133885.549,54239.071,45046.69103181,,0.40511520029693426,INTERNET_Auction_Results_rus_2025_20251231.xlsx,2025,Аукцион
2025-04-30,26246RMFS,ОФЗ-ПД,,3969.0,17839.108,81.7371,81.7371,16.13,,,7120.999,5914.139210480001,,,INTERNET_Auction_Results_rus_2025_20251231.xlsx,2025,ДРПА
2025-05-07,26233RMFS,ОФЗ-ПД,,3724.0,100000.0,,,,,5326.744,0.0,0.0,,0.0,INTERNET_Auction_Results_rus_2025_20251231.xlsx,2025,Аукцион
2025-05-14,26248RMFS,ОФЗ-ПД,,5481.0,210193.708,80.1964,80.2574,16.33,,182373.882,91640.754,78530.9846047,,0.5024883661795387,INTERNET_Auction_Results_rus_2025_20251231.xlsx,2025,Аукцион
2025-05-21,26239RMFS,ОФЗ-ПД,,2254.0,50000.0,66.6982,66.7097,16.05,,100227.6,49956.185999999994,34392.70208731,,0.4984274391484979,INTERNET_Auction_Results_rus_2025_20251231.xlsx,2025,Аукцион
2025-05-21,26246RMFS,ОФЗ-ПД,,3948.0,325002.083,80.7144,80.81009999999999,16.38,,186947.015,98124.011,81132.9618407,,0.5248760511099896,INTERNET_Auction_Results_rus_2025_20251231.xlsx,2025,Аукцион
2025-05-21,26246RMFS,ОФЗ-ПД,,3948.0,17435.605,80.81009999999999,80.81009999999999,16.36,,,9475.0,7834.318475,,,INTERNET_Auction_Results_rus_2025_20251231.xlsx,2025,ДРПА
2025-05-28,26224RMFS,ОФЗ-ПД,,1456.0,50000.0,75.1785,75.2633,16.07,,77005.717,49999.99,37641.15006568,,0.64930231089206,INTERNET_Auction_Results_rus_2025_20251231.xlsx,2025,Аукцион
2025-05-28,26247RMFS,ОФЗ-ПД,,5096.0,249889.79,80.0909,80.1493,16.45,,127586.312,94420.902,75709.78051637001,,0.7400551087329806,INTERNET_Auction_Results_rus_2025_20251231.xlsx,2025,Аукцион
2025-05-28,26247RMFS,ОФЗ-ПД,,5096.0,26941.944,80.1493,80.1493,16.439999999999998,,,26892.545,21563.33003499,,,INTERNET_Auction_Results_rus_2025_20251231.xlsx,2025,ДРПА
2025-06-04,26233RMFS,ОФЗ-ПД,,3696.0,100000.0,55.223,55.24210000000001,15.290000000000001,,121898.707,69765.176,40020.867674149995,,0.5723208860615725,INTERNET_Auction_Results_rus_2025_20251231.xlsx,2025,Аукцион
2025-06-04,26248RMFS,ОФЗ-ПД,,5460.0,118552.954,84.02730000000001,84.102,15.509999999999998,,194651.021,118552.912,99745.71506137999,,0.6090536355316626,INTERNET_Auction_Results_rus_2025_20251231.xlsx,2025,Аукцион
2025-06-04,26233RMFS,ОФЗ-ПД,,3696.0,25966.657000000003,55.24210000000001,55.24210000000001,15.290000000000001,,,25620.0,14696.93862,,,INTERNET_Auction_Results_rus_2025_20251231.xlsx,2025,ДРПА
2025-06-11,26245RMFS,ОФЗ-ПД,,3759.0,221755.935,84.7252,84.8202,15.5,,223132.078,137641.381,119768.78791316,,0.6168605708050636,INTERNET_Auction_Results_rus_2025_20251231.xlsx,2025,Аукцион
2025-06-11,26238RMFS,ОФЗ-ПД,,5817.0,26496.171,54.96,55.0444,14.879999999999999,,18555.427,11892.003,6573.58810047,,0.6408908294053272,INTERNET_Auction_Results_rus_2025_20251231.xlsx,2025,Аукцион
2025-06-18,26218RMFS,ОФЗ-ПД,,2282.0,86492.855,75.309,75.3758,15.190000000000001,,161004.455,86492.855,66906.38620711,,0.5372078368887371,INTERNET_Auction_Results_rus_2025_20251231.xlsx,2025,Аукцион
2025-06-18,26246RMFS,ОФЗ-ПД,,3920.0,217403.072,84.481,84.53110000000001,15.49,,188887.498,108098.687,94398.38567103,,0.5722913805550011,INTERNET_Auction_Results_rus_2025_20251231.xlsx,2025,Аукцион
2025-06-18,26246RMFS,ОФЗ-ПД,,3920.0,34979.54,84.53110000000001,84.53110000000001,15.479999999999999,,,30972.82,27047.355766020002,,,INTERNET_Auction_Results_rus_2025_20251231.xlsx,2025,ДРПА
2025-06-25,26245RMFS,ОФЗ-ПД,,3745.0,84114.554,85.83800000000001,85.8765,15.25,,130229.50599999998,84114.532,74392.15982439,,0.6458945793743548,INTERNET_Auction_Results_rus_2025_20251231.xlsx,2025,Аукцион
2025-06-25,26247RMFS,ОФЗ-ПД,,5068.0,378576.343,85.6613,85.7167,15.229999999999999,,65791.386,29116.315,25240.846681829997,,0.44255512416169496,INTERNET_Auction_Results_rus_2025_20251231.xlsx,2025,Аукцион
2025-06-25,26247RMFS,ОФЗ-ПД,,5068.0,10226.296,85.7167,85.7167,15.22,,,910.0,788.8762699999999,,,INTERNET_Auction_Results_rus_2025_20251231.xlsx,2025,ДРПА
2025-07-02,26250RMFS,ОФЗ-ПД,,4361.0,750000.0,85.91,86.2032,15.040000000000001,,123629.321,70723.913,61152.25744548,,0.5720642354737191,INTERNET_Auction_Results_rus_2025_20251231.xlsx,2025,Аукцион
2025-07-02,26224RMFS,ОФЗ-ПД,,1421.0,50000.0,79.60000000000001,79.63170000000001,14.330000000000002,,50490.884,29399.654,23611.65260358,,0.5822764758882019,INTERNET_Auction_Results_rus_2025_20251231.xlsx,2025,Аукцион
2025-07-02,26250RMFS,ОФЗ-ПД,,4361.0,36896.121,86.2032,86.2032,14.979999999999999,,,16812.999999999996,14537.562206,,,INTERNET_Auction_Results_rus_2025_20251231.xlsx,2025,ДРПА
2025-07-09,26248RMFS,ОФЗ-ПД,,5425.0,250000.0,86.3452,86.3871,15.03,,114362.882,67992.896,59558.42730912,,0.5945363986192652,INTERNET_Auction_Results_rus_2025_20251231.xlsx,2025,Аукцион
2025-07-09,26249RMFS,ОФЗ-ПД,,2534.0,500000.0,86.5536,86.5915,14.59,,50029.048,27645.442,24063.56778136,,0.5525878085867234,INTERNET_Auction_Results_rus_2025_20251231.xlsx,2025,Аукцион
2025-07-09,26248RMFS,ОФЗ-ПД,,5425.0,35876.65,86.3871,86.3871,15.03,,,30688.0,26881.184288,,,INTERNET_Auction_Results_rus_2025_20251231.xlsx,2025,ДРПА
2025-07-16,26245RMFS,ОФЗ-ПД,,3724.0,250000.0,88.5131,88.576,14.649999999999999,,209732.759,185445.514,170296.53395001002,,0.8841990868961009,INTERNET_Auction_Results_rus_2025_20251231.xlsx,2025,Аукцион
2025-07-16,26238RMFS,ОФЗ-ПД,,5782.0,14604.168,57.9,57.9696,14.12,,29506.09,14604.146,8588.05978924,,0.49495361804969756,INTERNET_Auction_Results_rus_2025_20251231.xlsx,2025,Аукцион
2025-07-23,26247RMFS,ОФЗ-ПД,,5040.0,348550.028,89.3644,89.4721,14.49,,126112.498,81490.974,74470.63963022,,0.6461768285646042,INTERNET_Auction_Results_rus_2025_20251231.xlsx,2025,Аукцион
2025-07-23,26221RMFS,ОФЗ-ПД,,2800.0,43150.718,71.94,71.9793,14.19,,32727.345999999998,25471.199,18941.218461359997,,0.7782848936177105,INTERNET_Auction_Results_rus_2025_20251231.xlsx,2025,Аукцион
2025-07-23,26247RMFS,ОФЗ-ПД,,5040.0,30219.357,89.4721,89.4721,14.469999999999999,,,23265.0,21260.743515,,,INTERNET_Auction_Results_rus_2025_20251231.xlsx,2025,ДРПА
2025-07-30,26246RMFS,ОФЗ-ПД,,3878.0,328331.565,89.6166,89.6717,14.37,,226108.081,185667.219,174244.39920893,,0.8211436680142361,INTERNET_Auction_Results_rus_2025_20251231.xlsx,2025,Аукцион
2025-07-30,26228RMFS,ОФЗ-ПД,,1715.0,30117.793,80.941,80.9714,13.66,,45913.755,30117.785,25056.000042400003,,0.6559643183181163,INTERNET_Auction_Results_rus_2025_20251231.xlsx,2025,Аукцион
2025-08-06,26248RMFS,ОФЗ-ПД,,5397.0,151319.10400000002,89.43910000000001,89.52459999999999,14.430000000000001,,97815.443,85370.376,78261.27373337,,0.8727699163004353,INTERNET_Auction_Results_rus_2025_20251231.xlsx,2025,Аукцион
2025-08-06,26225RMFS,ОФЗ-ПД,,3199.0,100000.0,68.06,68.0772,14.05,,7747.521,3649.799,2541.2173096799997,,0.47109249526396896,INTERNET_Auction_Results_rus_2025_20251231.xlsx,2025,Аукцион
2025-08-13,26247RMFS,ОФЗ-ПД,,5019.0,243794.054,91.3731,91.4493,14.11,,73794.403,52011.273,48925.590544419996,,0.7048132498612394,INTERNET_Auction_Results_rus_2025_20251231.xlsx,2025,Аукцион
2025-08-13,26249RMFS,ОФЗ-ПД,,2499.0,472354.558,89.985,90.0228,13.700000000000001,,17422.477,8722.028,7983.25335749,,0.5006192862243412,INTERNET_Auction_Results_rus_2025_20251231.xlsx,2025,Аукцион
2025-08-13,26247RMFS,ОФЗ-ПД,,5019.0,17795.852,91.4493,91.4493,14.099999999999998,,,4068.3480000000004,3826.9851182,,,INTERNET_Auction_Results_rus_2025_20251231.xlsx,2025,ДРПА
2025-08-13,26249RMFS,ОФЗ-ПД,,2499.0,4842.628000000001,90.0228,90.0228,13.69,,,2370.0,2169.25626,,,INTERNET_Auction_Results_rus_2025_20251231.xlsx,2025,ДРПА
2025-08-20,26221RMFS,ОФЗ-ПД,,2772.0,17679.519,73.95,74.0087,13.68,,38170.725,17679.512,13610.16617945,,0.4631694053492565,INTERNET_Auction_Results_rus_2025_20251231.xlsx,2025,Аукцион
2025-08-20,26250RMFS,ОФЗ-ПД,,4312.0,662463.087,91.23689999999999,91.30669999999999,13.94,,101524.378,77682.605,72385.18717512,,0.7651620874742024,INTERNET_Auction_Results_rus_2025_20251231.xlsx,2025,Аукцион
2025-08-20,26250RMFS,ОФЗ-ПД,,4312.0,20477.859,,,,,,0.0,0.0,,,INTERNET_Auction_Results_rus_2025_20251231.xlsx,2025,ДРПА
2025-08-27,26238RMFS,ОФЗ-ПД,,5740.0,100000.0,60.375299999999996,60.49830000000001,13.530000000000001,,62784.899,42510.183,26420.62731092,,0.6770765530736937,INTERNET_Auction_Results_rus_2025_20251231.xlsx,2025,Аукцион
2025-08-27,26249RMFS,ОФЗ-ПД,,2485.0,461262.53,88.72,88.7628,14.04,,48344.282,35274.472,31991.051268780004,,0.7296513784194789,INTERNET_Auction_Results_rus_2025_20251231.xlsx,2025,Аукцион
2025-08-27,26238RMFS,ОФЗ-ПД,,5740.0,11014.163,60.49830000000001,60.49830000000001,13.51,,,9469.0,5885.106597,,,INTERNET_Auction_Results_rus_2025_20251231.xlsx,2025,ДРПА
2025-08-27,26249RMFS,ОФЗ-ПД,,2485.0,9224.514,88.7628,88.7628,14.030000000000001,,,5200.0,4715.9736,,,INTERNET_Auction_Results_rus_2025_20251231.xlsx,2025,ДРПА
2025-09-03,26247RMFS,ОФЗ-ПД,,4998.0,187714.433,90.90549999999999,90.9426,14.2,,211866.052,107402.597,101242.63237071,,0.5069363212564134,INTERNET_Auction_Results_rus_2025_20251231.xlsx,2025,Аукцион
2025-09-03,26225RMFS,ОФЗ-ПД,,3171.0,96350.201,68.35,68.3997,14.01,,70379.879,52489.603,37007.637349909994,,0.745804109722894,INTERNET_Auction_Results_rus_2025_20251231.xlsx,2025,Аукцион
2025-09-03,26247RMFS,ОФЗ-ПД,,4998.0,42874.394,90.9426,90.9426,14.2,,,42707.347,40257.909820169996,,,INTERNET_Auction_Results_rus_2025_20251231.xlsx,2025,ДРПА
2025-09-10,26249RMFS,ОФЗ-ПД,,2471.0,420788.058,88.985,89.0224,13.98,,41767.47,21204.464,19375.24013274,,0.5076789185459402,INTERNET_Auction_Results_rus_2025_20251231.xlsx,2025,Аукцион
2025-09-10,26248RMFS,ОФЗ-ПД,,5362.0,65948.77,91.7266,91.765,14.01,,116005.939,65948.732,62708.675496589996,,0.5684944457886765,INTERNET_Auction_Results_rus_2025_20251231.xlsx,2025,Аукцион
2025-09-10,26249RMFS,ОФЗ-ПД,,2471.0,7439.863,89.0224,89.0224,13.969999999999999,,,4218.003000000001,3854.1327532,,,INTERNET_Auction_Results_rus_2025_20251231.xlsx,2025,ДРПА
2025-09-17,26246RMFS,ОФЗ-ПД,,3829.0,142664.34600000002,89.0581,89.12480000000001,14.510000000000002,,60250.825,38969.241,36986.39942377,,0.6467835253708145,INTERNET_Auction_Results_rus_2025_20251231.xlsx,2025,Аукцион
2025-09-17,26230RMFS,ОФЗ-ПД,,4928.0,100000.0,62.55,62.57470000000001,14.41,,21316.578,5371.135,3552.45155644,,0.2519698518214321,INTERNET_Auction_Results_rus_2025_20251231.xlsx,2025,Аукцион
2025-09-17,26246RMFS,ОФЗ-ПД,,3829.0,17832.006,89.12480000000001,89.12480000000001,14.499999999999998,,,7335.0,6961.78053,,,INTERNET_Auction_Results_rus_2025_20251231.xlsx,2025,ДРПА
2025-09-17,26230RMFS,ОФЗ-ПД,,4928.0,13074.117,62.57470000000001,62.57470000000001,14.399999999999999,,,5675.0,3753.427975,,,INTERNET_Auction_Results_rus_2025_20251231.xlsx,2025,ДРПА
2025-09-24,26245RMFS,ОФЗ-ПД,,3654.0,64554.486,87.777,87.8248,14.85,,129281.60299999999,64554.461,60282.10920554,,0.49933215169060063,INTERNET_Auction_Results_rus_2025_20251231.xlsx,2025,Аукцион
2025-09-24,26238RMFS,ОФЗ-ПД,,5712.0,48020.817,57.482699999999994,57.5735,14.26,,25369.491,20092.615,12009.660252470001,,0.791999137862088,INTERNET_Auction_Results_rus_2025_20251231.xlsx,2025,Аукцион
2025-10-01,26250RMFS,ОФЗ-ПД,,4270.0,584780.482,85.248,85.3469,15.2,,273004.68,211071.359,187013.21869076998,,0.7731419073108929,INTERNET_Auction_Results_rus_2025_20251231.xlsx,2025,Аукцион
2025-10-01,26224RMFS,ОФЗ-ПД,,1330.0,20600.346,79.9,79.96520000000001,14.649999999999999,,33175.224,20600.342,16967.72298671,,0.6209556264036077,INTERNET_Auction_Results_rus_2025_20251231.xlsx,2025,Аукцион
2025-10-01,26250RMFS,ОФЗ-ПД,,4270.0,60582.665,85.3469,85.3469,15.18,,,5167.5,4578.5031825,,,INTERNET_Auction_Results_rus_2025_20251231.xlsx,2025,ДРПА
2025-10-08,26249RMFS,ОФЗ-ПД,,2443.0,395365.591,84.7233,84.7748,15.18,,112354.542,74164.697,65242.53918181,,0.6600952278368951,INTERNET_Auction_Results_rus_2025_20251231.xlsx,2025,Аукцион
2025-10-08,26247RMFS,ОФЗ-ПД,,4963.0,37604.489,85.7447,85.7889,15.229999999999999,,25806.829,12882.659,11631.22243298,,0.49919573613635365,INTERNET_Auction_Results_rus_2025_20251231.xlsx,2025,Аукцион
2025-10-08,26249RMFS,ОФЗ-ПД,,2443.0,31647.835,84.7748,84.7748,15.17,,,8337.5,7334.482075,,,INTERNET_Auction_Results_rus_2025_20251231.xlsx,2025,ДРПА
2025-10-15,26251RMFS,ОФЗ-ПД,,1778.0,500000.0,81.895,81.9379,15.39,,196262.705,162329.638,135121.36529438003,,0.827103845328128,INTERNET_Auction_Results_rus_2025_20251231.xlsx,2025,Аукцион
2025-10-15,26246RMFS,ОФЗ-ПД,,3801.0,96360.105,85.175,85.2815,15.39,,133413.378,96360.078,82874.01158855,,0.7222669828508502,INTERNET_Auction_Results_rus_2025_20251231.xlsx,2025,Аукцион
2025-10-22,26250RMFS,ОФЗ-ПД,,4249.0,368541.623,85.65,85.7303,15.120000000000001,,79184.888,56844.228,50975.212209419995,,0.7178671263638082,INTERNET_Auction_Results_rus_2025_20251231.xlsx,2025,Аукцион
2025-10-22,26252RMFS,ОФЗ-ПД,,2912.0,500000.0,90.33,90.4241,15.120000000000001,,69042.303,41526.763,37564.32136993,,0.6014683925013335,INTERNET_Auction_Results_rus_2025_20251231.xlsx,2025,Аукцион
2025-10-22,26250RMFS,ОФЗ-ПД,,4249.0,13374.788,85.7303,85.7303,15.110000000000001,,,611.85,548.6783230599999,,,INTERNET_Auction_Results_rus_2025_20251231.xlsx,2025,ДРПА
2025-10-22,26252RMFS,ОФЗ-ПД,,2912.0,20055.602,90.4241,90.4241,15.1,,,16113.980999999998,14576.401046969999,,,INTERNET_Auction_Results_rus_2025_20251231.xlsx,2025,ДРПА
2025-10-29,26249RMFS,ОФЗ-ПД,,2422.0,312863.394,84.26,84.2706,15.340000000000002,,242899.701,99474.846,87634.96919325,,0.40953054116768967,INTERNET_Auction_Results_rus_2025_20251231.xlsx,2025,Аукцион
2025-10-29,26247RMFS,ОФЗ-ПД,,4942.0,24721.83,86.36,86.5206,15.110000000000001,,32550.939,24721.793,22675.475410799998,,0.7594801796654777,INTERNET_Auction_Results_rus_2025_20251231.xlsx,2025,Аукцион
2025-10-29,26249RMFS,ОФЗ-ПД,,2422.0,87452.985,84.2706,84.2706,15.17,,,81977.3,72220.0338448,,,INTERNET_Auction_Results_rus_2025_20251231.xlsx,2025,ДРПА
2025-11-12,26252RMFS,ОФЗ-ПД,,2891.0,442359.256,91.4371,91.5432,14.85,,198567.334,164578.263,151899.45832546,,0.8288284869655348,INTERNET_Auction_Results_rus_2025_20251231.xlsx,2025,Аукцион
2025-11-12,29028RMFS,ОФЗ-ПК,,5092.0,1000000.0,93.74900000000001,93.8207,0.0,,1866476.909,876193.037,830733.1925100799,,0.46943684798620783,INTERNET_Auction_Results_rus_2025_20251231.xlsx,2025,Аукцион
2025-11-12,29029RMFS,ОФЗ-ПК,,5823.0,1000000.0,93.449,93.6222,0.0,,1378097.138,815026.263,771122.33417064,,0.5914142338201417,INTERNET_Auction_Results_rus_2025_20251231.xlsx,2025,Аукцион
2025-11-19,26253RMFS,ОФЗ-ПД,,4704.0,750000.0,92.706,92.7538,14.75,,48359.444,20402.319,19134.674796100004,,0.4218890316439535,INTERNET_Auction_Results_rus_2025_20251231.xlsx,2025,Аукцион
2025-11-19,26249RMFS,ОФЗ-ПД,,2401.0,131411.248,85.789,85.8604,14.93,,178377.48,131411.209,118691.16843206,,0.7367029122734551,INTERNET_Auction_Results_rus_2025_20251231.xlsx,2025,Аукцион
2025-11-19,26253RMFS,ОФЗ-ПД,,4704.0,22297.482,92.7538,92.7538,14.75,,,2270.0,2128.96036,,,INTERNET_Auction_Results_rus_2025_20251231.xlsx,2025,ДРПА
2025-11-26,26252RMFS,ОФЗ-ПД,,2877.0,277780.993,90.8811,91.045,14.99,,203367.944,113495.058,104730.928228,,0.5580774224673285,INTERNET_Auction_Results_rus_2025_20251231.xlsx,2025,Аукцион
2025-11-26,26254RMFS,ОФЗ-ПД,,5425.0,1000000.0,92.30000000000001,92.47370000000001,14.760000000000002,,37609.574,21372.477,20037.90840213,,0.5682722436579579,INTERNET_Auction_Results_rus_2025_20251231.xlsx,2025,Аукцион
2025-11-26,26254RMFS,ОФЗ-ПД,,5425.0,9740.501999999999,92.47370000000001,92.47370000000001,14.729999999999999,,,3254.176,3050.97548803,,,INTERNET_Auction_Results_rus_2025_20251231.xlsx,2025,ДРПА
2025-12-03,26253RMFS,ОФЗ-ПД,,4690.0,727327.681,92.14710000000001,92.18610000000001,14.860000000000001,,34480.478,13898.156,13024.95083989,,0.40307318245414114,INTERNET_Auction_Results_rus_2025_20251231.xlsx,2025,Аукцион
2025-12-03,26251RMFS,ОФЗ-ПД,,1729.0,337670.362,83.5823,83.5915,14.899999999999999,,189981.288,138615.645,119443.05643294001,,0.7296278831418386,INTERNET_Auction_Results_rus_2025_20251231.xlsx,2025,Аукцион
2025-12-03,26253RMFS,ОФЗ-ПД,,4690.0,9400.003999999999,92.18610000000001,92.18610000000001,14.860000000000001,,,2340.0,2192.98014,,,INTERNET_Auction_Results_rus_2025_20251231.xlsx,2025,ДРПА
2025-12-03,26251RMFS,ОФЗ-ПД,,1729.0,36056.98,83.5915,83.5915,14.899999999999999,,,29267.87,25219.684560960002,,,INTERNET_Auction_Results_rus_2025_20251231.xlsx,2025,ДРПА
2025-12-10,26254RMFS,ОФЗ-ПД,,5411.0,975373.347,92.8272,92.8798,14.66,,84019.652,40411.255,38253.61943857,,0.48097384407162264,INTERNET_Auction_Results_rus_2025_20251231.xlsx,2025,Аукцион
2025-12-10,26252RMFS,ОФЗ-ПД,,2863.0,164285.935,91.6238,91.70089999999999,14.81,,124653.625,74636.332,69719.94784541,,0.5987497916727251,INTERNET_Auction_Results_rus_2025_20251231.xlsx,2025,Аукцион
2025-12-10,26254RMFS,ОФЗ-ПД,,5411.0,27176.600000000002,92.8798,92.8798,14.66,,,13181.1,12477.334708800001,,,INTERNET_Auction_Results_rus_2025_20251231.xlsx,2025,ДРПА
2025-12-10,26252RMFS,ОФЗ-ПД,,2863.0,28154.871,91.70089999999999,91.70089999999999,14.799999999999999,,,19392.685,18115.26944637,,,INTERNET_Auction_Results_rus_2025_20251231.xlsx,2025,ДРПА
2025-12-17,26253RMFS,ОФЗ-ПД,,4676.0,711089.525,93.4257,93.4639,14.610000000000001,,59298.043,26593.824,25395.48295646,,0.44847726256328563,INTERNET_Auction_Results_rus_2025_20251231.xlsx,2025,Аукцион
2025-12-17,26251RMFS,ОФЗ-ПД,,1715.0,169786.847,84.6304,84.66799999999999,14.56,,133059.29900000003,82309.298,72110.37152989999,,0.6185910989956439,INTERNET_Auction_Results_rus_2025_20251231.xlsx,2025,Аукцион
2025-12-17,26253RMFS,ОФЗ-ПД,,4676.0,18024.393,93.4639,93.4639,14.610000000000001,,,10264.631,9802.096462520001,,,INTERNET_Auction_Results_rus_2025_20251231.xlsx,2025,ДРПА
2025-12-17,26251RMFS,ОФЗ-ПД,,1715.0,12434.905999999999,84.66799999999999,84.66799999999999,14.549999999999999,,,7430.067,6509.40739803,,,INTERNET_Auction_Results_rus_2025_20251231.xlsx,2025,ДРПА
2025-12-24,26252RMFS,ОФЗ-ПД,,2849.0,70256.918,91.1547,91.2818,14.93,,86366.585,64576.888999999996,60362.49303889,,0.7477068706606842,INTERNET_Auction_Results_rus_2025_20251231.xlsx,2025,Аукцион
2025-12-24,26250RMFS,ОФЗ-ПД,,4186.0,311085.545,87.1626,87.30839999999999,14.82,,31535.719,20703.332,18082.58085117,,0.6565042008396891,INTERNET_Auction_Results_rus_2025_20251231.xlsx,2025,Аукцион
2025-12-24,26252RMFS,ОФЗ-ПД,,2849.0,5680.029,91.2818,91.2818,14.899999999999999,,,4590.005,4290.45209369,,,INTERNET_Auction_Results_rus_2025_20251231.xlsx,2025,ДРПА
2025-12-24,26250RMFS,ОФЗ-ПД,,4186.0,10445.59,87.30839999999999,87.30839999999999,14.790000000000001,,,259.40000000000003,226.5635916,,,INTERNET_Auction_Results_rus_2025_20251231.xlsx,2025,ДРПА
,,,,,,,,,,12622493.891502032,8047086.647000001,6983192.785964969,,0.6375195516963269,INTERNET_Auction_Results_rus_2025_20251231.xlsx,2025,
,,,,,,,,,,,,,,,INTERNET_Auction_Results_rus_2025_20251231.xlsx,2025,
,,,,,,,,,,,,,,,INTERNET_Auction_Results_rus_2026_20260528.xlsx,2026,
2026-01-14,26253RMFS,ОФЗ-ПД,,4648.0,674231.07,91.4983,91.52,14.99,,44396.336,13460.899,12726.87558033,,0.30319842159947613,INTERNET_Auction_Results_rus_2026_20260528.xlsx,2026,Аукцион
2026-01-14,26225RMFS,ОФЗ-ПД,,3038.0,43860.598,66.31909999999999,66.3382,14.799999999999999,,25897.05,13651.899,9210.96450394,,0.5271603908553291,INTERNET_Auction_Results_rus_2026_20260528.xlsx,2026,Аукцион
2026-01-21,26228RMFS,ОФЗ-ПД,,1540.0,100000.0,79.8112,79.8785,14.66,,56940.644,14949.844,12251.91820681,,0.26255136840391197,INTERNET_Auction_Results_rus_2026_20260528.xlsx,2026,Аукцион
2026-01-21,26230RMFS,ОФЗ-ПД,,4802.0,89175.66100000001,61.6841,61.7155,14.71,,74557.805,50860.676,32601.459335930005,,0.6821643421503625,INTERNET_Auction_Results_rus_2026_20260528.xlsx,2026,Аукцион
2026-01-21,26230RMFS,ОФЗ-ПД,,4802.0,12823.202,61.7155,61.7155,14.71,,,9145.295,5862.08836854,,,INTERNET_Auction_Results_rus_2026_20260528.xlsx,2026,ДРПА
2026-01-28,26254RMFS,ОФЗ-ПД,,5362.0,921780.992,90.6718,90.7655,15.07,,77644.727,59568.775,56168.28873285,,0.7671966571535502,INTERNET_Auction_Results_rus_2026_20260528.xlsx,2026,Аукцион
2026-01-28,26235RMFS,ОФЗ-ПД,,1869.0,100000.0,70.0,70.0004,14.89,,46170.585,18894.069,13635.17162551,,0.40922308001945396,INTERNET_Auction_Results_rus_2026_20260528.xlsx,2026,Аукцион
2026-01-28,26254RMFS,ОФЗ-ПД,,5362.0,11567.996000000001,90.7655,90.7655,15.06,,,3820.789,3602.67925994,,,INTERNET_Auction_Results_rus_2026_20260528.xlsx,2026,ДРПА
2026-02-04,26253RMFS,ОФЗ-ПД,,4627.0,660770.171,91.0655,91.0998,15.079999999999998,,89744.516,22332.013,21187.45330794,,0.24883986225966162,INTERNET_Auction_Results_rus_2026_20260528.xlsx,2026,Аукцион
2026-02-04,26251RMFS,ОФЗ-ПД,,1666.0,80047.482,,,,,294005.164,0.0,0.0,,0.0,INTERNET_Auction_Results_rus_2026_20260528.xlsx,2026,Аукцион
2026-02-04,26253RMFS,ОФЗ-ПД,,4627.0,49297.602,91.0998,91.0998,15.079999999999998,,,32360.506,30701.965346489997,,,INTERNET_Auction_Results_rus_2026_20260528.xlsx,2026,ДРПА
2026-02-11,26250RMFS,ОФЗ-ПД,,4137.0,290122.813,84.8582,84.9036,15.329999999999998,,80100.635,48461.058,41941.88699576,,0.6050021700826717,INTERNET_Auction_Results_rus_2026_20260528.xlsx,2026,Аукцион
2026-02-11,26249RMFS,ОФЗ-ПД,,2317.0,500000.0,84.9792,85.0175,15.25,,224970.526,66031.212,57133.16429393,,0.2935105019045917,INTERNET_Auction_Results_rus_2026_20260528.xlsx,2026,Аукцион
2026-02-11,26249RMFS,ОФЗ-ПД,,2317.0,79491.979,85.0175,85.0175,15.24,,,75671.66,65474.52545671,,,INTERNET_Auction_Results_rus_2026_20260528.xlsx,2026,ДРПА
2026-02-18,26254RMFS,ОФЗ-ПД,,5341.0,858391.428,92.368,92.52040000000001,14.75,,289092.541,255146.863,246967.86293053,,0.8825785062368662,INTERNET_Auction_Results_rus_2026_20260528.xlsx,2026,Аукцион
2026-02-18,26245RMFS,ОФЗ-ПД,,3507.0,500000.0,88.401,88.43379999999999,14.75,,118274.081,72276.148,67101.03024169,,0.6110903368591805,INTERNET_Auction_Results_rus_2026_20260528.xlsx,2026,Аукцион
2026-02-25,26253RMFS,ОФЗ-ПД,,4606.0,606077.652,92.745,92.75569999999999,14.75,,104830.208,27180.05,26440.40115434,,0.25927688705911944,INTERNET_Auction_Results_rus_2026_20260528.xlsx,2026,Аукцион
2026-02-25,26252RMFS,ОФЗ-ПД,,2786.0,501090.02400000003,91.9476,91.99300000000001,14.760000000000002,,136772.366,102210.175,98471.36175161999,,0.7473013591064148,INTERNET_Auction_Results_rus_2026_20260528.xlsx,2026,Аукцион
2026-02-25,26253RMFS,ОФЗ-ПД,,4606.0,59446.316000000006,92.75569999999999,92.75569999999999,14.75,,,46804.736,45531.03871924,,,INTERNET_Auction_Results_rus_2026_20260528.xlsx,2026,ДРПА
2026-03-04,26246RMFS,ОФЗ-ПД,,3661.0,250000.0,87.6939,87.7501,14.860000000000001,,102256.179,78084.728,72678.24571171001,,0.763618675796599,INTERNET_Auction_Results_rus_2026_20260528.xlsx,2026,Аукцион
2026-03-04,26218RMFS,ОФЗ-ПД,,2023.0,250000.0,78.55,78.5783,14.729999999999999,,137465.069,49755.955,40974.17706133,,0.361953442877914,INTERNET_Auction_Results_rus_2026_20260528.xlsx,2026,Аукцион
2026-03-04,26218RMFS,ОФЗ-ПД,,2023.0,24382.549000000003,78.5783,78.5783,14.719999999999999,,,13631.101,11225.2525668,,,INTERNET_Auction_Results_rus_2026_20260528.xlsx,2026,ДРПА
2026-03-11,26254RMFS,ОФЗ-ПД,,5320.0,603244.565,91.5952,91.6722,14.899999999999999,,92562.825,74874.054,72398.88020431,,0.808899836408407,INTERNET_Auction_Results_rus_2026_20260528.xlsx,2026,Аукцион
2026-03-11,26244RMFS,ОФЗ-ПД,,2926.0,500000.0,85.6648,85.7449,14.82,,86889.135,64791.853,58930.70825674,,0.7456841755876613,INTERNET_Auction_Results_rus_2026_20260528.xlsx,2026,Аукцион
2026-03-18,26238RMFS,ОФЗ-ПД,,5537.0,277928.202,59.916199999999996,59.9311,13.750000000000002,,108954.38,86313.315,53508.32361363,,0.7921968350423361,INTERNET_Auction_Results_rus_2026_20260528.xlsx,2026,Аукцион
2026-03-18,26250RMFS,ОФЗ-ПД,,4102.0,241661.755,88.015,88.0171,14.649999999999999,,172212.1,66653.56,60529.495828420004,,0.3870434191325696,INTERNET_Auction_Results_rus_2026_20260528.xlsx,2026,Аукцион
2026-03-18,26250RMFS,ОФЗ-ПД,,4102.0,68107.393,88.0171,88.0171,14.649999999999999,,,47142.85,42811.412084849995,,,INTERNET_Auction_Results_rus_2026_20260528.xlsx,2026,ДРПА
2026-03-25,26230RMFS,ОФЗ-ПД,,4739.0,279169.69,62.82299999999999,62.8483,14.469999999999999,,53574.984,23751.137,15808.825584850001,,0.44332513473079155,INTERNET_Auction_Results_rus_2026_20260528.xlsx,2026,Аукцион
2026-03-25,26245RMFS,ОФЗ-ПД,,3472.0,427723.852,88.70280000000001,88.7462,14.7,,144969.88,100034.628,94335.86651432999,,0.6900373236150847,INTERNET_Auction_Results_rus_2026_20260528.xlsx,2026,Аукцион
2026-04-01,26253RMFS,ОФЗ-ПД,,4571.0,532092.866,92.7388,92.7953,14.760000000000002,,82548.164,51009.144,50277.30710634,,0.6179319021559341,INTERNET_Auction_Results_rus_2026_20260528.xlsx,2026,Аукцион
2026-04-01,26249RMFS,ОФЗ-ПД,,2268.0,358297.128,87.5505,87.6593,14.549999999999999,,183075.494,165307.443,149840.13620779998,,0.9029468630028659,INTERNET_Auction_Results_rus_2026_20260528.xlsx,2026,Аукцион
2026-04-08,26235RMFS,ОФЗ-ПД,,1799.0,281105.931,72.6557,72.6603,14.180000000000001,,106433.634,57968.09,42326.15746324,,0.5446407100973363,INTERNET_Auction_Results_rus_2026_20260528.xlsx,2026,Аукцион
2026-04-08,26254RMFS,ОФЗ-ПД,,5292.0,528370.511,91.8441,91.8778,14.860000000000001,,70770.96,32870.432,32179.101207199998,,0.46446214662059127,INTERNET_Auction_Results_rus_2026_20260528.xlsx,2026,Аукцион
2026-04-08,26254RMFS,ОФЗ-ПД,,5292.0,22124.036,91.8778,91.8778,14.860000000000001,,,9870.089,9662.501288149999,,,INTERNET_Auction_Results_rus_2026_20260528.xlsx,2026,ДРПА
2026-04-15,26253RMFS,ОФЗ-ПД,,4557.0,481083.722,92.235,92.2504,14.87,,207332.296,129585.71800000001,127665.77802576999,,0.6250146286905539,INTERNET_Auction_Results_rus_2026_20260528.xlsx,2026,Аукцион
2026-04-15,26244RMFS,ОФЗ-ПД,,2891.0,435208.147,86.30069999999999,86.30409999999999,14.680000000000001,,140062.822,72676.659,63215.68466810001,,0.5188861538146076,INTERNET_Auction_Results_rus_2026_20260528.xlsx,2026,Аукцион
2026-04-15,26244RMFS,ОФЗ-ПД,,2891.0,47289.583,86.30409999999999,86.30409999999999,14.680000000000001,,,40128.583,34904.68419364,,,INTERNET_Auction_Results_rus_2026_20260528.xlsx,2026,ДРПА
2026-04-22,26245RMFS,ОФЗ-ПД,,3444.0,327689.224,89.407,89.4267,14.549999999999999,,235613.436,115754.08,104085.71946745999,,0.4912881114301139,INTERNET_Auction_Results_rus_2026_20260528.xlsx,2026,Аукцион
2026-04-22,26254RMFS,ОФЗ-ПД,,5278.0,485629.99,93.6801,93.6929,14.52,,198762.795,99864.122,93601.54648529,,0.5024286461658983,INTERNET_Auction_Results_rus_2026_20260528.xlsx,2026,Аукцион
2026-04-22,26254RMFS,ОФЗ-ПД,,5278.0,44198.804000000004,93.6929,93.6929,14.52,,,42761.9,40080.2584891,,,INTERNET_Auction_Results_rus_2026_20260528.xlsx,2026,ДРПА
2026-04-29,26218RMFS,ОФЗ-ПД,,1967.0,186612.944,80.5048,80.53280000000001,14.2,,107894.912,87886.546,71513.98967543,,0.814556908855906,INTERNET_Auction_Results_rus_2026_20260528.xlsx,2026,Аукцион
2026-04-29,26238RMFS,ОФЗ-ПД,,5495.0,191614.887,58.2225,58.2534,14.2,,49815.715,34173.28,20890.94985516,,0.6859939679677387,INTERNET_Auction_Results_rus_2026_20260528.xlsx,2026,Аукцион
2026-05-06,26235RMFS,ОФЗ-ПД,,1771.0,223137.84100000001,73.0575,73.1406,14.14,,100905.276,47823.23,35364.61172294,,0.47394181846348654,INTERNET_Auction_Results_rus_2026_20260528.xlsx,2026,Аукцион
2026-05-06,26240RMFS,ОФЗ-ПД,,3738.0,120214.07100000001,61.70909999999999,61.7117,14.7,,143121.759,54680.691,34635.67490962,,0.3820571475787969,INTERNET_Auction_Results_rus_2026_20260528.xlsx,2026,Аукцион
2026-05-06,26235RMFS,ОФЗ-ПД,,1771.0,23186.618,73.1406,73.1406,14.11,,,6320.809,4674.14976417,,,INTERNET_Auction_Results_rus_2026_20260528.xlsx,2026,ДРПА
2026-05-06,26240RMFS,ОФЗ-ПД,,3738.0,59199.140999999996,61.7117,61.7117,14.7,,,21424.562,13570.68178835,,,INTERNET_Auction_Results_rus_2026_20260528.xlsx,2026,ДРПА
2026-05-13,26253RMFS,ОФЗ-ПД,,4529.0,351498.004,92.8131,92.8588,14.75,,56113.049,25274.285,23667.542746870004,,0.45041724608477435,INTERNET_Auction_Results_rus_2026_20260528.xlsx,2026,Аукцион
2026-05-13,26249RMFS,ОФЗ-ПД,,2226.0,192989.685,88.4032,88.43769999999999,14.35,,102045.329,63892.738,59220.052262560006,,0.6261211426933613,INTERNET_Auction_Results_rus_2026_20260528.xlsx,2026,Аукцион
2026-05-13,26249RMFS,ОФЗ-ПД,,2226.0,33358.155,88.43769999999999,88.43769999999999,14.35,,,15624.48,14481.814904159999,,,INTERNET_Auction_Results_rus_2026_20260528.xlsx,2026,ДРПА
2026-05-20,26252RMFS,ОФЗ-ПД,,2702.0,398879.849,92.5397,92.5851,14.649999999999999,,145132.38,101007.906,94521.25228312999,,0.6959708508879962,INTERNET_Auction_Results_rus_2026_20260528.xlsx,2026,Аукцион
2026-05-20,26228RMFS,ОФЗ-ПД,,1421.0,185050.15600000002,82.79429999999999,82.8006,13.919999999999998,,109289.074,73435.813,61359.73440586,,0.6719410304455503,INTERNET_Auction_Results_rus_2026_20260528.xlsx,2026,Аукцион
2026-05-27,26251RMFS,ОФЗ-ПД,,1554.0,180047.482,86.8985,86.9297,14.11,,97552.522,70001.356,62400.401532350006,,0.7175760766082501,INTERNET_Auction_Results_rus_2026_20260528.xlsx,2026,Аукцион
2026-05-27,26230RMFS,ОФЗ-ПД,,4676.0,255418.553,61.7098,61.7536,14.799999999999999,,67460.242,34982.454,22023.419427669996,,0.5185640158243132,INTERNET_Auction_Results_rus_2026_20260528.xlsx,2026,Аукцион
,,,,,,,,,,4766211.595,2992184.2580000004,2636374.4731194293,,0.627790898150421,INTERNET_Auction_Results_rus_2026_20260528.xlsx,2026,
,,,,,,,,,,,,,,,INTERNET_Auction_Results_rus_2026_20260528.xlsx,2026,
